NTA Single Analysis Summary File,
Created with NTA 3.3 Dev Build 3.3.301,
,
[Experiment Details],,
Software Version,NTA 3.3 Dev Build 3.3.301,
Experiment Name,5000x_L_4_3_real 2024-09-25 15-45-59.nano,
Operator Name,,
Time Captured,15:45:59  25/09/2024,
Sample Description,,
Pre-treatment,,
Diluent,,
Remarks,,
,,
,
Filename:,5000x_L_4_3_real 2024-09-25 15-48-07,
,,
[Conditions],,
Temperature/C,21.470,
Viscosity/cP,0.965063,
Camera Type,sCMOS,
Laser Type,Blue488,
Camera Level,13,
Slider Shutter,1232,
Slider Gain,219,
Shutter/ms,30.800000,
Camera Histogram Upper Limit,8235,
Camera Histogram Lower Limit,0,
Frame rate/fps,24.982500,
Syringe Pump Speed/AU,0,
,,
[Settings],,
Detection Threshold,3,
Max Jump Mode,Auto,
Max Jump Distance,11.3978,
Blur,Auto,
Min Track Length,Auto,
First frame,0,
Total frames analysed,1498,
,,
[Exclusion Regions]
No Exclusion Regions Used,,

[Results],,
Dilution factor (concentrations adjusted for this factor),5.00e+03,
Concentration (Particles / ml),1.52e+13,
Particles per frame,154.2,
Centres per frame,135.6,
Completed tracks,16333,
X-Drift (pix/frame),0.2,
Y-Drift (pix/frame),-0.0,
,,
[Information]
Completed Tracks,OK,
Concentration,OK,
Video length,OK,
Noise level,No,
Vibration detected,No,
Vibration correction applied,No,
Settings changed?,No,
Errors (1),,
Errors (2),,

[Data Included],
Size distribution - Number weighting - With Percentiles,
Size distribution - Surface area weighting - With Percentiles,
Size distribution - Volume weighting - With Percentiles,
Diffusion distribution - Number weighting - With Percentiles,
Diffusion distribution - Surface area weighting - With Percentiles,
Diffusion distribution - Volume weighting - With Percentiles,
,
[Size Data],,
Analysis Method,FTLA,
Weighting,Number,
Filename,5000x_L_4_3_real 2024-09-25 15-48-07,
Mean,85.4,
Mode,79.6,
SD,14.6,
D10,70.2,
D50,82.6,
D90,104.3,
Valid Tracks,7508.0,
Graph Data,
Bin centre (nm),Concentration (particles / ml),
0.5,0,
1.5,0,
2.5,0,
3.5,0,
4.5,0,
5.5,0,
6.5,0,
7.5,0,
8.5,0,
9.5,0,
10.5,0,
11.5,0,
12.5,0,
13.5,0,
14.5,0,
15.5,0,
16.5,0,
17.5,0,
18.5,0,
19.5,0,
20.5,0,
21.5,0,
22.5,0,
23.5,0,
24.5,0,
25.5,0,
26.5,0,
27.5,0,
28.5,0,
29.5,0,
30.5,0,
31.5,0,
32.5,0,
33.5,0,
34.5,0,
35.5,0,
36.5,0,
37.5,0,
38.5,0,
39.5,0,
40.5,0,
41.5,2,
42.5,13,
43.5,85,
44.5,509,
45.5,2799,
46.5,14194,
47.5,66435,
48.5,287580,
49.5,1152746,
50.5,4280304,
51.5,14713773,
52.5,46761731,
53.5,137151056,
54.5,370586956,
55.5,921360756,
56.5,2107147808,
57.5,4437153300,
58.5,8623378169,
59.5,15524630006,
60.5,26016886904,
61.5,40821733886,
62.5,60351991994,
63.5,84629866416,
64.5,113300136255,
65.5,145720957789,
66.5,181090079679,
67.5,218562469885,
68.5,257329933907,
69.5,296652691799,
70.5,335848662868,
71.5,374255434389,
72.5,411183305726,
73.5,445877236013,
74.5,477502325928,
75.5,505162168565,
76.5,527952238689,
77.5,545042111257,
78.5,555772263793,
79.5,559745797142,
80.5,556894735027,
81.5,547505473924,
82.5,532197281979,
83.5,511858574628,
84.5,487554569659,
85.5,460424331668,
86.5,431584514147,
87.5,402052479892,
88.5,372695100410,
89.5,344203528263,
90.5,317089967320,
91.5,291700351414,
92.5,268236574243,
93.5,246782841155,
94.5,227332170545,
95.5,209810562679,
96.5,194097597234,
97.5,180043118152,
98.5,167480229654,
99.5,156235126555,
100.5,146134392629,
101.5,137010388927,
102.5,128705268976,
103.5,121074033556,
104.5,113986897987,
105.5,107331108328,
106.5,101012226341,
107.5,94954821685,
108.5,89102474879,
109.5,83417010366,
110.5,77876939656,
111.5,72475183988,
112.5,67216240933,
113.5,62113035207,
114.5,57183731693,
115.5,52448779643,
116.5,47928405378,
117.5,43640690254,
118.5,39600280335,
119.5,35817692252,
120.5,32299119417,
121.5,29046610006,
122.5,26058482249,
123.5,23329857738,
124.5,20853221681,
125.5,18618951910,
126.5,16615789080,
127.5,14831244269,
128.5,13251954864,
129.5,11864005285,
130.5,10653227494,
131.5,9605490143,
132.5,8706977513,
133.5,7944452594,
134.5,7305494154,
135.5,6778695927,
136.5,6353816410,
137.5,6021869139,
138.5,5775144217,
139.5,5607151310,
140.5,5512471531,
141.5,5486500852,
142.5,5525062151,
143.5,5623859254,
144.5,5777748877,
145.5,5979821686,
146.5,6220319757,
147.5,6485482256,
148.5,6756506701,
149.5,7008930080,
150.5,7212841374,
151.5,7334377162,
152.5,7338847462,
153.5,7195520566,
154.5,6883553978,
155.5,6397902381,
156.5,5753512905,
157.5,4986063132,
158.5,4148155242,
159.5,3301208359,
160.5,2504853020,
161.5,1806722453,
162.5,1235548827,
163.5,799298240,
164.5,488236502,
165.5,281186243,
166.5,152529574,
167.5,77884693,
168.5,37430154,
169.5,16935178,
170.5,7219037,
171.5,2902746,
172.5,1102794,
173.5,396686,
174.5,135448,
175.5,44032,
176.5,13675,
177.5,4073,
178.5,1168,
179.5,324,
180.5,88,
181.5,23,
182.5,6,
183.5,2,
184.5,0,
185.5,0,
186.5,0,
187.5,0,
188.5,0,
189.5,0,
190.5,0,
191.5,0,
192.5,0,
193.5,0,
194.5,0,
195.5,0,
196.5,0,
197.5,0,
198.5,0,
199.5,0,
200.5,0,
201.5,0,
202.5,0,
203.5,0,
204.5,0,
205.5,0,
206.5,0,
207.5,0,
208.5,0,
209.5,0,
210.5,0,
211.5,0,
212.5,0,
213.5,0,
214.5,0,
215.5,0,
216.5,0,
217.5,0,
218.5,0,
219.5,0,
220.5,0,
221.5,0,
222.5,0,
223.5,0,
224.5,0,
225.5,0,
226.5,0,
227.5,0,
228.5,0,
229.5,0,
230.5,0,
231.5,0,
232.5,0,
233.5,0,
234.5,0,
235.5,0,
236.5,0,
237.5,0,
238.5,0,
239.5,0,
240.5,0,
241.5,0,
242.5,0,
243.5,0,
244.5,0,
245.5,0,
246.5,1,
247.5,2,
248.5,4,
249.5,6,
250.5,11,
251.5,20,
252.5,34,
253.5,59,
254.5,101,
255.5,170,
256.5,284,
257.5,471,
258.5,771,
259.5,1251,
260.5,2007,
261.5,3188,
262.5,5011,
263.5,7792,
264.5,11988,
265.5,18245,
266.5,27471,
267.5,40914,
268.5,60274,
269.5,87829,
270.5,126583,
271.5,180439,
272.5,254387,
273.5,354701,
274.5,489134,
275.5,667095,
276.5,899790,
277.5,1200297,
278.5,1583553,
279.5,2066221,
280.5,2666410,
281.5,3403218,
282.5,4296095,
283.5,5364001,
284.5,6624385,
285.5,8092007,
286.5,9777643,
287.5,11686747,
288.5,13818159,
289.5,16162930,
290.5,18703410,
291.5,21412652,
292.5,24254272,
293.5,27182791,
294.5,30144531,
295.5,33079061,
296.5,35921138,
297.5,38603093,
298.5,41057517,
299.5,43220113,
300.5,45032539,
301.5,46445059,
302.5,47418838,
303.5,47927732,
304.5,47959453,
305.5,47516032,
306.5,46613575,
307.5,45281320,
308.5,43560082,
309.5,41500200,
310.5,39159117,
311.5,36598767,
312.5,33882927,
313.5,31074677,
314.5,28234121,
315.5,25416448,
316.5,22670424,
317.5,20037348,
318.5,17550460,
319.5,15234792,
320.5,13107405,
321.5,11177939,
322.5,9449404,
323.5,7919138,
324.5,6579843,
325.5,5420643,
326.5,4428101,
327.5,3587151,
328.5,2881917,
329.5,2296399,
330.5,1815021,
331.5,1423047,
332.5,1106866,
333.5,854170,
334.5,654037,
335.5,496941,
336.5,374702,
337.5,280404,
338.5,208273,
339.5,153557,
340.5,112390,
341.5,81668,
342.5,58921,
343.5,42210,
344.5,30029,
345.5,21216,
346.5,14888,
347.5,10378,
348.5,7186,
349.5,4943,
350.5,3379,
351.5,2294,
352.5,1548,
353.5,1039,
354.5,692,
355.5,459,
356.5,302,
357.5,198,
358.5,129,
359.5,83,
360.5,54,
361.5,34,
362.5,22,
363.5,14,
364.5,9,
365.5,5,
366.5,3,
367.5,2,
368.5,1,
369.5,0,
370.5,0,
371.5,0,
372.5,0,
373.5,0,
374.5,0,
375.5,0,
376.5,0,
377.5,0,
378.5,0,
379.5,0,
380.5,0,
381.5,0,
382.5,0,
383.5,0,
384.5,0,
385.5,0,
386.5,0,
387.5,0,
388.5,0,
389.5,0,
390.5,0,
391.5,0,
392.5,0,
393.5,0,
394.5,0,
395.5,0,
396.5,0,
397.5,0,
398.5,0,
399.5,0,
400.5,0,
401.5,0,
402.5,0,
403.5,0,
404.5,0,
405.5,0,
406.5,0,
407.5,0,
408.5,0,
409.5,0,
410.5,0,
411.5,0,
412.5,0,
413.5,0,
414.5,0,
415.5,0,
416.5,0,
417.5,0,
418.5,0,
419.5,0,
420.5,0,
421.5,0,
422.5,0,
423.5,0,
424.5,0,
425.5,0,
426.5,0,
427.5,0,
428.5,0,
429.5,0,
430.5,0,
431.5,0,
432.5,0,
433.5,0,
434.5,0,
435.5,0,
436.5,0,
437.5,0,
438.5,0,
439.5,0,
440.5,0,
441.5,0,
442.5,0,
443.5,0,
444.5,0,
445.5,0,
446.5,0,
447.5,0,
448.5,0,
449.5,0,
450.5,0,
451.5,0,
452.5,0,
453.5,0,
454.5,0,
455.5,0,
456.5,0,
457.5,0,
458.5,0,
459.5,0,
460.5,0,
461.5,0,
462.5,0,
463.5,0,
464.5,0,
465.5,0,
466.5,0,
467.5,0,
468.5,0,
469.5,0,
470.5,0,
471.5,0,
472.5,0,
473.5,0,
474.5,0,
475.5,0,
476.5,0,
477.5,0,
478.5,0,
479.5,0,
480.5,0,
481.5,0,
482.5,0,
483.5,0,
484.5,0,
485.5,0,
486.5,0,
487.5,0,
488.5,0,
489.5,0,
490.5,0,
491.5,0,
492.5,0,
493.5,0,
494.5,0,
495.5,0,
496.5,0,
497.5,0,
498.5,0,
499.5,0,
500.5,0,
501.5,0,
502.5,0,
503.5,0,
504.5,0,
505.5,0,
506.5,0,
507.5,0,
508.5,0,
509.5,0,
510.5,0,
511.5,0,
512.5,0,
513.5,0,
514.5,0,
515.5,0,
516.5,0,
517.5,0,
518.5,0,
519.5,0,
520.5,0,
521.5,0,
522.5,0,
523.5,0,
524.5,0,
525.5,0,
526.5,0,
527.5,0,
528.5,0,
529.5,0,
530.5,0,
531.5,0,
532.5,0,
533.5,0,
534.5,0,
535.5,0,
536.5,0,
537.5,0,
538.5,0,
539.5,0,
540.5,0,
541.5,0,
542.5,0,
543.5,0,
544.5,0,
545.5,0,
546.5,0,
547.5,0,
548.5,0,
549.5,0,
550.5,0,
551.5,0,
552.5,0,
553.5,0,
554.5,0,
555.5,0,
556.5,0,
557.5,0,
558.5,0,
559.5,0,
560.5,0,
561.5,0,
562.5,0,
563.5,0,
564.5,0,
565.5,0,
566.5,0,
567.5,0,
568.5,0,
569.5,0,
570.5,0,
571.5,0,
572.5,0,
573.5,0,
574.5,0,
575.5,0,
576.5,0,
577.5,0,
578.5,0,
579.5,0,
580.5,0,
581.5,0,
582.5,0,
583.5,0,
584.5,0,
585.5,0,
586.5,0,
587.5,0,
588.5,0,
589.5,0,
590.5,0,
591.5,0,
592.5,0,
593.5,0,
594.5,0,
595.5,0,
596.5,0,
597.5,0,
598.5,0,
599.5,0,
600.5,0,
601.5,0,
602.5,0,
603.5,0,
604.5,0,
605.5,0,
606.5,0,
607.5,0,
608.5,0,
609.5,0,
610.5,0,
611.5,0,
612.5,0,
613.5,0,
614.5,0,
615.5,0,
616.5,0,
617.5,0,
618.5,0,
619.5,0,
620.5,0,
621.5,0,
622.5,0,
623.5,0,
624.5,0,
625.5,0,
626.5,0,
627.5,0,
628.5,0,
629.5,0,
630.5,0,
631.5,0,
632.5,0,
633.5,0,
634.5,0,
635.5,0,
636.5,0,
637.5,0,
638.5,0,
639.5,0,
640.5,0,
641.5,0,
642.5,0,
643.5,0,
644.5,0,
645.5,0,
646.5,0,
647.5,0,
648.5,0,
649.5,0,
650.5,0,
651.5,0,
652.5,0,
653.5,0,
654.5,0,
655.5,0,
656.5,0,
657.5,0,
658.5,0,
659.5,0,
660.5,0,
661.5,0,
662.5,0,
663.5,0,
664.5,0,
665.5,0,
666.5,0,
667.5,0,
668.5,0,
669.5,0,
670.5,0,
671.5,0,
672.5,0,
673.5,0,
674.5,0,
675.5,0,
676.5,0,
677.5,0,
678.5,0,
679.5,0,
680.5,0,
681.5,0,
682.5,0,
683.5,0,
684.5,0,
685.5,0,
686.5,0,
687.5,0,
688.5,0,
689.5,0,
690.5,0,
691.5,0,
692.5,0,
693.5,0,
694.5,0,
695.5,0,
696.5,0,
697.5,0,
698.5,0,
699.5,0,
700.5,0,
701.5,0,
702.5,0,
703.5,0,
704.5,0,
705.5,0,
706.5,0,
707.5,0,
708.5,0,
709.5,0,
710.5,0,
711.5,0,
712.5,0,
713.5,0,
714.5,0,
715.5,0,
716.5,0,
717.5,0,
718.5,0,
719.5,0,
720.5,0,
721.5,0,
722.5,0,
723.5,0,
724.5,0,
725.5,0,
726.5,0,
727.5,0,
728.5,0,
729.5,0,
730.5,0,
731.5,0,
732.5,0,
733.5,0,
734.5,0,
735.5,0,
736.5,0,
737.5,0,
738.5,0,
739.5,0,
740.5,0,
741.5,0,
742.5,0,
743.5,0,
744.5,0,
745.5,0,
746.5,0,
747.5,0,
748.5,0,
749.5,0,
750.5,0,
751.5,0,
752.5,0,
753.5,0,
754.5,0,
755.5,0,
756.5,0,
757.5,0,
758.5,0,
759.5,0,
760.5,0,
761.5,0,
762.5,0,
763.5,0,
764.5,0,
765.5,0,
766.5,0,
767.5,0,
768.5,0,
769.5,0,
770.5,0,
771.5,0,
772.5,0,
773.5,0,
774.5,0,
775.5,0,
776.5,0,
777.5,0,
778.5,0,
779.5,0,
780.5,0,
781.5,0,
782.5,0,
783.5,0,
784.5,0,
785.5,0,
786.5,0,
787.5,0,
788.5,0,
789.5,0,
790.5,0,
791.5,0,
792.5,0,
793.5,0,
794.5,0,
795.5,0,
796.5,0,
797.5,0,
798.5,0,
799.5,0,
800.5,0,
801.5,0,
802.5,0,
803.5,0,
804.5,0,
805.5,0,
806.5,0,
807.5,0,
808.5,0,
809.5,0,
810.5,0,
811.5,0,
812.5,0,
813.5,0,
814.5,0,
815.5,0,
816.5,0,
817.5,0,
818.5,0,
819.5,0,
820.5,0,
821.5,0,
822.5,0,
823.5,0,
824.5,0,
825.5,0,
826.5,0,
827.5,0,
828.5,0,
829.5,0,
830.5,0,
831.5,0,
832.5,0,
833.5,0,
834.5,0,
835.5,0,
836.5,0,
837.5,0,
838.5,0,
839.5,0,
840.5,0,
841.5,0,
842.5,0,
843.5,0,
844.5,0,
845.5,0,
846.5,0,
847.5,0,
848.5,0,
849.5,0,
850.5,0,
851.5,0,
852.5,0,
853.5,0,
854.5,0,
855.5,0,
856.5,0,
857.5,0,
858.5,0,
859.5,0,
860.5,0,
861.5,0,
862.5,0,
863.5,0,
864.5,0,
865.5,0,
866.5,0,
867.5,0,
868.5,0,
869.5,0,
870.5,0,
871.5,0,
872.5,0,
873.5,0,
874.5,0,
875.5,0,
876.5,0,
877.5,0,
878.5,0,
879.5,0,
880.5,0,
881.5,0,
882.5,0,
883.5,0,
884.5,0,
885.5,0,
886.5,0,
887.5,0,
888.5,0,
889.5,0,
890.5,0,
891.5,0,
892.5,0,
893.5,0,
894.5,0,
895.5,0,
896.5,0,
897.5,0,
898.5,0,
899.5,0,
900.5,0,
901.5,0,
902.5,0,
903.5,0,
904.5,0,
905.5,0,
906.5,0,
907.5,0,
908.5,0,
909.5,0,
910.5,0,
911.5,0,
912.5,0,
913.5,0,
914.5,0,
915.5,0,
916.5,0,
917.5,0,
918.5,0,
919.5,0,
920.5,0,
921.5,0,
922.5,0,
923.5,0,
924.5,0,
925.5,0,
926.5,0,
927.5,0,
928.5,0,
929.5,0,
930.5,0,
931.5,0,
932.5,0,
933.5,0,
934.5,0,
935.5,0,
936.5,0,
937.5,0,
938.5,0,
939.5,0,
940.5,0,
941.5,0,
942.5,0,
943.5,0,
944.5,0,
945.5,0,
946.5,0,
947.5,0,
948.5,0,
949.5,0,
950.5,0,
951.5,0,
952.5,0,
953.5,0,
954.5,0,
955.5,0,
956.5,0,
957.5,0,
958.5,0,
959.5,0,
960.5,0,
961.5,0,
962.5,0,
963.5,0,
964.5,0,
965.5,0,
966.5,0,
967.5,0,
968.5,0,
969.5,0,
970.5,0,
971.5,0,
972.5,0,
973.5,0,
974.5,0,
975.5,0,
976.5,0,
977.5,0,
978.5,0,
979.5,0,
980.5,0,
981.5,0,
982.5,0,
983.5,0,
984.5,0,
985.5,0,
986.5,0,
987.5,0,
988.5,0,
989.5,0,
990.5,0,
991.5,0,
992.5,0,
993.5,0,
994.5,0,
995.5,0,
996.5,0,
997.5,0,
998.5,0,
999.5,0,

Percentile,Size (nm),
0,41.0,
1,62.9,
2,64.5,
3,65.7,
4,66.6,
5,67.3,
6,68.0,
7,68.6,
8,69.2,
9,69.7,
10,70.2,
11,70.6,
12,71.1,
13,71.5,
14,71.9,
15,72.3,
16,72.6,
17,73.0,
18,73.4,
19,73.7,
20,74.0,
21,74.3,
22,74.7,
23,75.0,
24,75.3,
25,75.6,
26,75.9,
27,76.2,
28,76.5,
29,76.8,
30,77.0,
31,77.3,
32,77.6,
33,77.9,
34,78.2,
35,78.4,
36,78.7,
37,79.0,
38,79.2,
39,79.5,
40,79.8,
41,80.1,
42,80.3,
43,80.6,
44,80.9,
45,81.2,
46,81.4,
47,81.7,
48,82.0,
49,82.3,
50,82.6,
51,82.8,
52,83.1,
53,83.4,
54,83.7,
55,84.0,
56,84.3,
57,84.6,
58,85.0,
59,85.3,
60,85.6,
61,85.9,
62,86.3,
63,86.6,
64,87.0,
65,87.4,
66,87.8,
67,88.1,
68,88.5,
69,89.0,
70,89.4,
71,89.8,
72,90.3,
73,90.8,
74,91.3,
75,91.8,
76,92.4,
77,92.9,
78,93.5,
79,94.2,
80,94.8,
81,95.5,
82,96.3,
83,97.1,
84,97.9,
85,98.8,
86,99.8,
87,100.8,
88,101.9,
89,103.1,
90,104.3,
91,105.7,
92,107.2,
93,108.9,
94,110.7,
95,112.9,
96,115.4,
97,118.8,
98,123.9,
99,136.2,
100,369.0,
,,
Weighting,Surface Area,
Filename,5000x_L_4_3_real 2024-09-25 15-48-07,
Mean,91.0,
Mode,81.7,
SD,18.9,
D10,72.6,
D50,86.7,
D90,114.0,
Valid Tracks,7508.0,
Graph Data,
Bin centre (nm),Surface area conc. (nm² / ml),
0.5,0,
1.5,0,
2.5,0,
3.5,0,
4.5,0,
5.5,0,
6.5,0,
7.5,0,
8.5,0,
9.5,0,
10.5,0,
11.5,0,
12.5,0,
13.5,0,
14.5,0,
15.5,0,
16.5,0,
17.5,0,
18.5,0,
19.5,0,
20.5,0,
21.5,0,
22.5,0,
23.5,0,
24.5,0,
25.5,0,
26.5,0,
27.5,0,
28.5,0,
29.5,0,
30.5,0,
31.5,0,
32.5,0,
33.5,0,
34.5,0,
35.5,0,
36.5,0,
37.5,1,
38.5,14,
39.5,132,
40.5,1181,
41.5,9643,
42.5,72066,
43.5,493128,
44.5,3092764,
45.5,17808939,
46.5,94357219,
47.5,461044100,
48.5,2081564813,
49.5,8695113204,
50.5,33617401446,
51.5,120230295942,
52.5,397234325145,
53.5,1210320530670,
54.5,3394901315618,
55.5,8755976658510,
56.5,20759675493982,
57.5,45290138698296,
58.5,91134523040582,
59.5,169775409905551,
60.5,294243810221919,
61.5,477200206717690,
62.5,728827068642888,
63.5,1055247325537212,
64.5,1457940787433147,
65.5,1934186003472023,
66.5,2478175372576090,
67.5,3082298543579840,
68.5,3738157880012935,
69.5,4437066940067487,
70.5,5169984123813033,
71.5,5926991692946569,
72.5,6696532369676386,
73.5,7464668509714834,
74.5,8214638129840547,
75.5,8926944846426265,
76.5,9580128319190750,
77.5,10152219859740330,
78.5,10622716238494866,
79.5,10974747316580880,
80.5,11197023555932090,
81.5,11285167492898858,
82.5,11242162611731270,
83.5,11077854930729356,
84.5,10807650930854432,
85.5,10450705840001678,
86.5,10027952347733596,
87.5,9560283176758316,
88.5,9067102672654034,
89.5,8565344536219692,
90.5,8068950030514138,
91.5,7588732472854537,
92.5,7132522567628138,
93.5,6705487585914358,
94.5,6310534009275085,
95.5,5948727359612346,
96.5,5619687049673458,
97.5,5321934194760533,
98.5,5053185077781443,
99.5,4810592596806186,
100.5,4590943465404145,
101.5,4390821201513618,
102.5,4206744890749084,
103.5,4035291999396994,
104.5,3873210669141176,
105.5,3717523461139092,
106.5,3565621005678849,
107.5,3415341094921647,
108.5,3265027051462084,
109.5,3113559163725357,
110.5,2960354719713867,
111.5,2805335386743670,
112.5,2648864677688163,
113.5,2491662091139715,
114.5,2334703324096983,
115.5,2179117127689264,
116.5,2026088745629179,
117.5,1876777725784073,
118.5,1732254829572842,
119.5,1593459498356510,
120.5,1461176504178917,
121.5,1336028431229762,
122.5,1218479660951993,
123.5,1108847493948244,
124.5,1007316705059832,
125.5,913954892678271,
126.5,828727149453091,
127.5,751509604766152,
128.5,682102110318322,
129.5,620240695489960,
130.5,565610433074320,
131.5,517859118607100,
132.5,476611800730224,
133.5,441485826666014,
134.5,412105774673836,
135.5,388117473803871,
136.5,369200248450983,
137.5,355076519188540,
138.5,345517869030502,
139.5,340346573134184,
140.5,339431338590463,
141.5,342675600242687,
142.5,349996226801095,
143.5,361290068987956,
144.5,376385731990124,
145.5,394978761906450,
146.5,416550756663707,
147.5,440277458447706,
148.5,464938112784124,
149.5,488847918409703,
150.5,509845282496662,
151.5,525371657227329,
152.5,532677732952848,
153.5,529169234057189,
154.5,512865717747787,
155.5,482892557056449,
156.5,439877546607960,
157.5,386106029582103,
158.5,325325930756664,
159.5,262190342373633,
160.5,201452062686685,
161.5,147127108454103,
162.5,101868391259947,
163.5,66716548608979,
164.5,41254131397467,
165.5,24049799669150,
166.5,13204432485187,
167.5,6823929957198,
168.5,3318865690770,
169.5,1519541937770,
170.5,655430441600,
171.5,266655596613,
172.5,102494534983,
173.5,37298243327,
174.5,12883099233,
175.5,4236393444,
176.5,1330779468,
177.5,400890830,
178.5,116309218,
179.5,32651471,
180.5,8914381,
181.5,2379770,
182.5,624789,
183.5,162299,
184.5,41978,
185.5,10881,
186.5,2846,
187.5,756,
188.5,205,
189.5,57,
190.5,17,
191.5,5,
192.5,2,
193.5,0,
194.5,0,
195.5,0,
196.5,0,
197.5,0,
198.5,0,
199.5,0,
200.5,0,
201.5,0,
202.5,0,
203.5,0,
204.5,0,
205.5,0,
206.5,0,
207.5,0,
208.5,0,
209.5,0,
210.5,0,
211.5,0,
212.5,0,
213.5,0,
214.5,0,
215.5,0,
216.5,0,
217.5,0,
218.5,0,
219.5,0,
220.5,0,
221.5,0,
222.5,0,
223.5,0,
224.5,0,
225.5,0,
226.5,0,
227.5,0,
228.5,2,
229.5,3,
230.5,6,
231.5,12,
232.5,24,
233.5,47,
234.5,91,
235.5,178,
236.5,346,
237.5,672,
238.5,1299,
239.5,2501,
240.5,4793,
241.5,9135,
242.5,17309,
243.5,32588,
244.5,60943,
245.5,113154,
246.5,208523,
247.5,381266,
248.5,691449,
249.5,1243449,
250.5,2216763,
251.5,3916788,
252.5,6857491,
253.5,11894249,
254.5,20434528,
255.5,34767530,
256.5,58572873,
257.5,97694521,
258.5,161301221,
259.5,263600720,
260.5,426333410,
261.5,682342885,
262.5,1080605688,
263.5,1693197850,
264.5,2624776022,
265.5,4025246542,
266.5,6106371768,
267.5,9163099078,
268.5,13600367592,
269.5,19966019542,
270.5,28990182674,
271.5,41631063234,
272.5,59126467799,
273.5,83049541200,
274.5,115366172388,
275.5,158490314989,
276.5,215332165421,
277.5,289332850664,
278.5,384478153266,
279.5,505283030420,
280.5,656738475969,
281.5,844212836857,
282.5,1073301207561,
283.5,1349619103354,
284.5,1678540275140,
285.5,2064883168513,
286.5,2512555896074,
287.5,3024175286007,
288.5,3600681062222,
289.5,4240970883192,
290.5,4941585169441,
291.5,5696471783360,
292.5,6496859220647,
293.5,7331262774206,
294.5,8185641158027,
295.5,9043711661970,
296.5,9887420690470,
297.5,10697554428191,
298.5,11454462470255,
299.5,12138856719934,
300.5,12732639801694,
301.5,13219712574238,
302.5,13586709661775,
303.5,13823615462142,
304.5,13924220620464,
305.5,13886389846349,
306.5,13712125223754,
307.5,13407423603438,
308.5,12981940963927,
309.5,12448489510162,
310.5,11822403664881,
311.5,11120818198963,
312.5,10361905112367,
313.5,9564115465543,
314.5,8745468487302,
315.5,7922923563727,
316.5,7111861969150,
317.5,6325695366891,
318.5,5575608114688,
319.5,4870431095518,
320.5,4216636829619,
321.5,3618439468596,
322.5,3077979161825,
323.5,2595568237192,
324.5,2169976487615,
325.5,1798734298852,
326.5,1478435004279,
327.5,1205021287719,
328.5,974044266292,
329.5,780887711015,
330.5,620953413491,
331.5,489806776463,
332.5,383284171739,
333.5,297565425053,
334.5,229215970972,
335.5,175203835726,
336.5,132896745516,
337.5,100044430418,
338.5,74750708673,
339.5,55439293957,
340.5,40816555193,
341.5,29833742877,
342.5,21650527121,
343.5,15601102598,
344.5,11163621128,
345.5,7933318580,
346.5,5599405002,
347.5,3925575682,
348.5,2733863061,
349.5,1891470888,
350.5,1300198831,
351.5,888065333,
352.5,602758102,
353.5,406576497,
354.5,272571697,
355.5,181633873,
356.5,120317545,
357.5,79234746,
358.5,51879482,
359.5,33775954,
360.5,21867067,
361.5,14079374,
362.5,9016233,
363.5,5743216,
364.5,3639256,
365.5,2294230,
366.5,1439022,
367.5,898140,
368.5,557836,
369.5,344821,
370.5,212151,
371.5,129928,
372.5,79215,
373.5,48083,
374.5,29061,
375.5,17490,
376.5,10482,
377.5,6257,
378.5,3721,
379.5,2204,
380.5,1300,
381.5,764,
382.5,448,
383.5,261,
384.5,152,
385.5,88,
386.5,51,
387.5,29,
388.5,17,
389.5,10,
390.5,6,
391.5,3,
392.5,2,
393.5,1,
394.5,0,
395.5,0,
396.5,0,
397.5,0,
398.5,0,
399.5,0,
400.5,0,
401.5,0,
402.5,0,
403.5,0,
404.5,0,
405.5,0,
406.5,0,
407.5,0,
408.5,0,
409.5,0,
410.5,0,
411.5,0,
412.5,0,
413.5,0,
414.5,0,
415.5,0,
416.5,0,
417.5,0,
418.5,0,
419.5,0,
420.5,0,
421.5,0,
422.5,0,
423.5,0,
424.5,0,
425.5,0,
426.5,0,
427.5,0,
428.5,0,
429.5,0,
430.5,0,
431.5,0,
432.5,0,
433.5,0,
434.5,0,
435.5,0,
436.5,0,
437.5,0,
438.5,0,
439.5,0,
440.5,0,
441.5,0,
442.5,0,
443.5,0,
444.5,0,
445.5,0,
446.5,0,
447.5,0,
448.5,0,
449.5,0,
450.5,0,
451.5,0,
452.5,0,
453.5,0,
454.5,0,
455.5,0,
456.5,0,
457.5,0,
458.5,0,
459.5,0,
460.5,0,
461.5,0,
462.5,0,
463.5,0,
464.5,0,
465.5,0,
466.5,0,
467.5,0,
468.5,0,
469.5,0,
470.5,0,
471.5,0,
472.5,0,
473.5,0,
474.5,0,
475.5,0,
476.5,0,
477.5,0,
478.5,0,
479.5,0,
480.5,0,
481.5,0,
482.5,0,
483.5,0,
484.5,0,
485.5,0,
486.5,0,
487.5,0,
488.5,0,
489.5,0,
490.5,0,
491.5,0,
492.5,0,
493.5,0,
494.5,0,
495.5,0,
496.5,0,
497.5,0,
498.5,0,
499.5,0,
500.5,0,
501.5,0,
502.5,0,
503.5,0,
504.5,0,
505.5,0,
506.5,0,
507.5,0,
508.5,0,
509.5,0,
510.5,0,
511.5,0,
512.5,0,
513.5,0,
514.5,0,
515.5,0,
516.5,0,
517.5,0,
518.5,0,
519.5,0,
520.5,0,
521.5,0,
522.5,0,
523.5,0,
524.5,0,
525.5,0,
526.5,0,
527.5,0,
528.5,0,
529.5,0,
530.5,0,
531.5,0,
532.5,0,
533.5,0,
534.5,0,
535.5,0,
536.5,0,
537.5,0,
538.5,0,
539.5,0,
540.5,0,
541.5,0,
542.5,0,
543.5,0,
544.5,0,
545.5,0,
546.5,0,
547.5,0,
548.5,0,
549.5,0,
550.5,0,
551.5,0,
552.5,0,
553.5,0,
554.5,0,
555.5,0,
556.5,0,
557.5,0,
558.5,0,
559.5,0,
560.5,0,
561.5,0,
562.5,0,
563.5,0,
564.5,0,
565.5,0,
566.5,0,
567.5,0,
568.5,0,
569.5,0,
570.5,0,
571.5,0,
572.5,0,
573.5,0,
574.5,0,
575.5,0,
576.5,0,
577.5,0,
578.5,0,
579.5,0,
580.5,0,
581.5,0,
582.5,0,
583.5,0,
584.5,0,
585.5,0,
586.5,0,
587.5,0,
588.5,0,
589.5,0,
590.5,0,
591.5,0,
592.5,0,
593.5,0,
594.5,0,
595.5,0,
596.5,0,
597.5,0,
598.5,0,
599.5,0,
600.5,0,
601.5,0,
602.5,0,
603.5,0,
604.5,0,
605.5,0,
606.5,0,
607.5,0,
608.5,0,
609.5,0,
610.5,0,
611.5,0,
612.5,0,
613.5,0,
614.5,0,
615.5,0,
616.5,0,
617.5,0,
618.5,0,
619.5,0,
620.5,0,
621.5,0,
622.5,0,
623.5,0,
624.5,0,
625.5,0,
626.5,0,
627.5,0,
628.5,0,
629.5,0,
630.5,0,
631.5,0,
632.5,0,
633.5,0,
634.5,0,
635.5,0,
636.5,0,
637.5,0,
638.5,0,
639.5,0,
640.5,0,
641.5,0,
642.5,0,
643.5,0,
644.5,0,
645.5,0,
646.5,0,
647.5,0,
648.5,0,
649.5,0,
650.5,0,
651.5,0,
652.5,0,
653.5,0,
654.5,0,
655.5,0,
656.5,0,
657.5,0,
658.5,0,
659.5,0,
660.5,0,
661.5,0,
662.5,0,
663.5,0,
664.5,0,
665.5,0,
666.5,0,
667.5,0,
668.5,0,
669.5,0,
670.5,0,
671.5,0,
672.5,0,
673.5,0,
674.5,0,
675.5,0,
676.5,0,
677.5,0,
678.5,0,
679.5,0,
680.5,0,
681.5,0,
682.5,0,
683.5,0,
684.5,0,
685.5,0,
686.5,0,
687.5,0,
688.5,0,
689.5,0,
690.5,0,
691.5,0,
692.5,0,
693.5,0,
694.5,0,
695.5,0,
696.5,0,
697.5,0,
698.5,0,
699.5,0,
700.5,0,
701.5,0,
702.5,0,
703.5,0,
704.5,0,
705.5,0,
706.5,0,
707.5,0,
708.5,0,
709.5,0,
710.5,0,
711.5,0,
712.5,0,
713.5,0,
714.5,0,
715.5,0,
716.5,0,
717.5,0,
718.5,0,
719.5,0,
720.5,0,
721.5,0,
722.5,0,
723.5,0,
724.5,0,
725.5,0,
726.5,0,
727.5,0,
728.5,0,
729.5,0,
730.5,0,
731.5,0,
732.5,0,
733.5,0,
734.5,0,
735.5,0,
736.5,0,
737.5,0,
738.5,0,
739.5,0,
740.5,0,
741.5,0,
742.5,0,
743.5,0,
744.5,0,
745.5,0,
746.5,0,
747.5,0,
748.5,0,
749.5,0,
750.5,0,
751.5,0,
752.5,0,
753.5,0,
754.5,0,
755.5,0,
756.5,0,
757.5,0,
758.5,0,
759.5,0,
760.5,0,
761.5,0,
762.5,0,
763.5,0,
764.5,0,
765.5,0,
766.5,0,
767.5,0,
768.5,0,
769.5,0,
770.5,0,
771.5,0,
772.5,0,
773.5,0,
774.5,0,
775.5,0,
776.5,0,
777.5,0,
778.5,0,
779.5,0,
780.5,0,
781.5,0,
782.5,0,
783.5,0,
784.5,0,
785.5,0,
786.5,0,
787.5,0,
788.5,0,
789.5,0,
790.5,0,
791.5,0,
792.5,0,
793.5,0,
794.5,0,
795.5,0,
796.5,0,
797.5,0,
798.5,0,
799.5,0,
800.5,0,
801.5,0,
802.5,0,
803.5,0,
804.5,0,
805.5,0,
806.5,0,
807.5,0,
808.5,0,
809.5,0,
810.5,0,
811.5,0,
812.5,0,
813.5,0,
814.5,0,
815.5,0,
816.5,0,
817.5,0,
818.5,0,
819.5,0,
820.5,0,
821.5,0,
822.5,0,
823.5,0,
824.5,0,
825.5,0,
826.5,0,
827.5,0,
828.5,0,
829.5,0,
830.5,0,
831.5,0,
832.5,0,
833.5,0,
834.5,0,
835.5,0,
836.5,0,
837.5,0,
838.5,0,
839.5,0,
840.5,0,
841.5,0,
842.5,0,
843.5,0,
844.5,0,
845.5,0,
846.5,0,
847.5,0,
848.5,0,
849.5,0,
850.5,0,
851.5,0,
852.5,0,
853.5,0,
854.5,0,
855.5,0,
856.5,0,
857.5,0,
858.5,0,
859.5,0,
860.5,0,
861.5,0,
862.5,0,
863.5,0,
864.5,0,
865.5,0,
866.5,0,
867.5,0,
868.5,0,
869.5,0,
870.5,0,
871.5,0,
872.5,0,
873.5,0,
874.5,0,
875.5,0,
876.5,0,
877.5,0,
878.5,0,
879.5,0,
880.5,0,
881.5,0,
882.5,0,
883.5,0,
884.5,0,
885.5,0,
886.5,0,
887.5,0,
888.5,0,
889.5,0,
890.5,0,
891.5,0,
892.5,0,
893.5,0,
894.5,0,
895.5,0,
896.5,0,
897.5,0,
898.5,0,
899.5,0,
900.5,0,
901.5,0,
902.5,0,
903.5,0,
904.5,0,
905.5,0,
906.5,0,
907.5,0,
908.5,0,
909.5,0,
910.5,0,
911.5,0,
912.5,0,
913.5,0,
914.5,0,
915.5,0,
916.5,0,
917.5,0,
918.5,0,
919.5,0,
920.5,0,
921.5,0,
922.5,0,
923.5,0,
924.5,0,
925.5,0,
926.5,0,
927.5,0,
928.5,0,
929.5,0,
930.5,0,
931.5,0,
932.5,0,
933.5,0,
934.5,0,
935.5,0,
936.5,0,
937.5,0,
938.5,0,
939.5,0,
940.5,0,
941.5,0,
942.5,0,
943.5,0,
944.5,0,
945.5,0,
946.5,0,
947.5,0,
948.5,0,
949.5,0,
950.5,0,
951.5,0,
952.5,0,
953.5,0,
954.5,0,
955.5,0,
956.5,0,
957.5,0,
958.5,0,
959.5,0,
960.5,0,
961.5,0,
962.5,0,
963.5,0,
964.5,0,
965.5,0,
966.5,0,
967.5,0,
968.5,0,
969.5,0,
970.5,0,
971.5,0,
972.5,0,
973.5,0,
974.5,0,
975.5,0,
976.5,0,
977.5,0,
978.5,0,
979.5,0,
980.5,0,
981.5,0,
982.5,0,
983.5,0,
984.5,0,
985.5,0,
986.5,0,
987.5,0,
988.5,0,
989.5,0,
990.5,0,
991.5,0,
992.5,0,
993.5,0,
994.5,0,
995.5,0,
996.5,0,
997.5,0,
998.5,0,
999.5,0,

Percentile,Size (nm),
0,37.0,
1,64.4,
2,66.3,
3,67.6,
4,68.6,
5,69.5,
6,70.2,
7,70.9,
8,71.5,
9,72.1,
10,72.6,
11,73.2,
12,73.6,
13,74.1,
14,74.5,
15,75.0,
16,75.4,
17,75.7,
18,76.1,
19,76.5,
20,76.9,
21,77.2,
22,77.6,
23,77.9,
24,78.3,
25,78.6,
26,78.9,
27,79.3,
28,79.6,
29,79.9,
30,80.2,
31,80.5,
32,80.9,
33,81.2,
34,81.5,
35,81.8,
36,82.1,
37,82.4,
38,82.7,
39,83.1,
40,83.4,
41,83.7,
42,84.0,
43,84.3,
44,84.7,
45,85.0,
46,85.3,
47,85.7,
48,86.0,
49,86.4,
50,86.7,
51,87.1,
52,87.4,
53,87.8,
54,88.2,
55,88.6,
56,89.0,
57,89.4,
58,89.8,
59,90.2,
60,90.7,
61,91.1,
62,91.6,
63,92.0,
64,92.5,
65,93.0,
66,93.6,
67,94.1,
68,94.7,
69,95.2,
70,95.8,
71,96.5,
72,97.1,
73,97.8,
74,98.4,
75,99.1,
76,99.9,
77,100.6,
78,101.4,
79,102.3,
80,103.1,
81,104.0,
82,104.9,
83,105.8,
84,106.8,
85,107.9,
86,108.9,
87,110.1,
88,111.3,
89,112.6,
90,114.0,
91,115.5,
92,117.2,
93,119.2,
94,121.7,
95,124.8,
96,129.2,
97,136.6,
98,146.5,
99,153.7,
100,394.0,
,,
Weighting,Volume,
Filename,5000x_L_4_3_real 2024-09-25 15-48-07,
Mean,94.9,
Mode,82.8,
SD,23.0,
D10,74.1,
D50,89.6,
D90,120.4,
Valid Tracks,7508.0,
Graph Data,
Bin centre (nm),Volume conc. (nm³ / ml),
0.5,0,
1.5,0,
2.5,0,
3.5,0,
4.5,0,
5.5,0,
6.5,0,
7.5,0,
8.5,0,
9.5,0,
10.5,0,
11.5,0,
12.5,0,
13.5,0,
14.5,0,
15.5,0,
16.5,0,
17.5,0,
18.5,0,
19.5,0,
20.5,0,
21.5,0,
22.5,0,
23.5,0,
24.5,0,
25.5,0,
26.5,0,
27.5,0,
28.5,0,
29.5,0,
30.5,0,
31.5,0,
32.5,0,
33.5,0,
34.5,0,
35.5,0,
36.5,0,
37.5,8,
38.5,86,
39.5,860,
40.5,7873,
41.5,65893,
42.5,504464,
43.5,3534085,
44.5,22680271,
45.5,133567039,
46.5,723405342,
47.5,3611512116,
48.5,16652518505,
49.5,71010091164,
50.5,280145012049,
51.5,1021957515509,
52.5,3442697484591,
53.5,10691164687587,
54.5,30554111840564,
55.5,80263119369678,
56.5,193756971277168,
57.5,430256317633810,
58.5,880967056058963,
59.5,1669458197404582,
60.5,2942438102219190,
61.5,4851535434963179,
62.5,7531213042643176,
63.5,11080096918140724,
64.5,15551368399286898,
65.5,20953681704280248,
66.5,27259929098336988,
67.5,34419000403308208,
68.5,42365789306813264,
69.5,51026269810776104,
70.5,60316481444485384,
71.5,70136068366534400,
72.5,80358388436116640,
73.5,90820133534863808,
74.5,101313870268033408,
75.5,111586810580328320,
76.5,121348292043082832,
77.5,130286821533334240,
78.5,138095311100433264,
79.5,144500839668314912,
80.5,149293647412427872,
81.5,152349761154134592,
82.5,153642889026994016,
83.5,153243659875089440,
84.5,151307113031962080,
85.5,148051666066690432,
86.5,143733983650848208,
87.5,138624106062995584,
88.5,132984172532259184,
89.5,127052610620592112,
90.5,121034250457712080,
91.5,115095775838293808,
92.5,109365346036964800,
93.5,103935057581672528,
94.5,98865032811976320,
95.5,94188183193862144,
96.5,89914992794775328,
97.5,86037936148628608,
98.5,82535356270430240,
99.5,79374777847302064,
100.5,76515724423402432,
101.5,73912156892145904,
102.5,71514663142734432,
103.5,69272512656315048,
104.5,67135651598447048,
105.5,65056660569934096,
106.5,62992637766992984,
107.5,60906916192769360,
108.5,58770486926317512,
109.5,56562991474343992,
110.5,54273169861420904,
111.5,51898704654757896,
112.5,49445473983512368,
113.5,46926302716464624,
114.5,44359363157842672,
115.5,41766411614044232,
116.5,39171049082164128,
117.5,36597165652789432,
118.5,34067678314932556,
119.5,31603613384070776,
120.5,29223530083578332,
121.5,26943240029800196,
122.5,24775753106023852,
123.5,22731373625939004,
124.5,20817878571236524,
125.5,19040726930797316,
126.5,17403270138514902,
127.5,15906953300883556,
128.5,14551511686790868,
129.5,13335174953034134,
130.5,12254892716610266,
131.5,11306590756255008,
132.5,10485459616064918,
133.5,9786269157763302,
134.5,9203695634382326,
135.5,8732643160587093,
136.5,8368538964888945,
137.5,8107580521471665,
138.5,7946910987701554,
139.5,7884695610941925,
140.5,7920064567110801,
141.5,8052876605703140,
142.5,8283244034292571,
143.5,8610746644212942,
144.5,9033257567762974,
145.5,9545320079405866,
146.5,10136068412150194,
147.5,10786797731968792,
148.5,11468473448675062,
149.5,12139723307174286,
150.5,12746132062416548,
151.5,13221853373554450,
152.5,13494502568138806,
153.5,13493815468458312,
154.5,13163553422193194,
155.5,12474724390624924,
156.5,11436816211806948,
157.5,10103107774065040,
158.5,8566916176592155,
159.5,6948044072901267,
160.5,5372055004978266,
161.5,3947910743518440,
162.5,2750446564018577,
163.5,1812466237210588,
164.5,1127612924864100,
165.5,661369490901629,
166.5,365322632090171,
167.5,189932717142018,
168.5,92928239341571,
169.5,42800431247178,
170.5,18570529178655,
171.5,7599684503482,
172.5,2938176669504,
173.5,1075432682595,
174.5,373609877763,
175.5,123561475446,
176.5,39036197721,
177.5,11826279476,
178.5,3450506791,
179.5,974102227,
180.5,267431445,
181.5,71789743,
182.5,18951946,
183.5,4950110,
184.5,1287315,
185.5,335500,
186.5,88213,
187.5,23558,
188.5,6434,
189.5,1809,
190.5,527,
191.5,160,
192.5,51,
193.5,17,
194.5,6,
195.5,2,
196.5,0,
197.5,0,
198.5,0,
199.5,0,
200.5,0,
201.5,0,
202.5,0,
203.5,0,
204.5,0,
205.5,0,
206.5,0,
207.5,0,
208.5,0,
209.5,0,
210.5,0,
211.5,0,
212.5,0,
213.5,0,
214.5,0,
215.5,0,
216.5,0,
217.5,0,
218.5,0,
219.5,0,
220.5,0,
221.5,0,
222.5,1,
223.5,3,
224.5,5,
225.5,9,
226.5,17,
227.5,33,
228.5,64,
229.5,124,
230.5,241,
231.5,472,
232.5,925,
233.5,1815,
234.5,3558,
235.5,6968,
236.5,13619,
237.5,26539,
238.5,51531,
239.5,99637,
240.5,191721,
241.5,366927,
242.5,698118,
243.5,1319827,
244.5,2478329,
245.5,4620454,
246.5,8549439,
247.5,15695450,
248.5,28579897,
249.5,51603148,
250.5,92365119,
251.5,163852300,
252.5,288014627,
253.5,501540820,
254.5,865061691,
255.5,1477620012,
256.5,2499109266,
257.5,4184581979,
258.5,6935952487,
259.5,11378764402,
260.5,18474447771,
261.5,29681915478,
262.5,47186448375,
263.5,74218505754,
264.5,115490144963,
265.5,177781722255,
266.5,270715815059,
267.5,407757908981,
268.5,607483085767,
269.5,895143209444,
270.5,1304558220348,
271.5,1880336356090,
272.5,2680399873572,
273.5,3778754124617,
274.5,5268388539030,
275.5,7264139437018,
276.5,9905279609373,
277.5,13357533272334,
278.5,17814154434660,
279.5,23495660914514,
280.5,30647795545213,
281.5,39537301192814,
282.5,50445156755382,
283.5,63657034374845,
284.5,79450906356629,
285.5,98081950504386,
286.5,119765164379540,
287.5,144656384513983,
288.5,172832690986667,
289.5,204273430873728,
290.5,238843283189670,
291.5,276278881492947,
292.5,316180482071469,
293.5,358009998807068,
294.5,401096416743310,
295.5,444649156713522,
296.5,487779420729848,
297.5,529528944195474,
298.5,568904969356020,
299.5,604919693210066,
300.5,636631990084697,
301.5,663188914140950,
302.5,683864386309321,
303.5,698092580838188,
304.5,705493844770167,
305.5,705891483856086,
306.5,699318386411445,
307.5,686013174375922,
308.5,666406302814920,
309.5,641097209773357,
310.5,610824189352175,
311.5,576429076646267,
312.5,538819065843104,
313.5,498928023452468,
314.5,457679517502116,
315.5,415953487095668,
316.5,374558063708551,
317.5,334207571884068,
318.5,295507230078441,
319.5,258944586578361,
320.5,224887297579655,
321.5,193586511569868,
322.5,165184881684606,
323.5,139728090102146,
324.5,117178730331235,
325.5,97431441187798,
326.5,80328301899156,
327.5,65673660180679,
328.5,53247753223953,
329.5,42818676153983,
330.5,34152437741994,
331.5,27021007168198,
332.5,21208390836221,
333.5,16514881090449,
334.5,12759689050794,
335.5,9782214161358,
336.5,7442217748902,
337.5,5619162175134,
338.5,4210956588574,
339.5,3132320108592,
340.5,2312938127627,
341.5,1695551053513,
342.5,1234080045889,
343.5,891863031827,
344.5,640047611349,
345.5,456165818373,
346.5,322899021778,
347.5,227029126927,
348.5,158564057546,
349.5,110020556678,
350.5,75844931801,
351.5,51951822007,
352.5,35361808634,
353.5,23920250548,
354.5,16081730106,
355.5,10746670798,
356.5,7138841021,
357.5,4714467404,
358.5,3095475784,
359.5,2020927930,
360.5,1312024018,
361.5,847109001,
362.5,543979420,
363.5,347464559,
364.5,220781529,
365.5,139565648,
366.5,87780369,
367.5,54936238,
368.5,34213913,
369.5,21206481,
370.5,13082669,
371.5,8033890,
372.5,4911307,
373.5,2989166,
374.5,1811444,
375.5,1093104,
376.5,656902,
377.5,393171,
378.5,234394,
379.5,139198,
380.5,82354,
381.5,48544,
382.5,28512,
383.5,16689,
384.5,9735,
385.5,5660,
386.5,3280,
387.5,1895,
388.5,1091,
389.5,627,
390.5,359,
391.5,205,
392.5,117,
393.5,66,
394.5,38,
395.5,21,
396.5,12,
397.5,7,
398.5,4,
399.5,2,
400.5,1,
401.5,0,
402.5,0,
403.5,0,
404.5,0,
405.5,0,
406.5,0,
407.5,0,
408.5,0,
409.5,0,
410.5,0,
411.5,0,
412.5,0,
413.5,0,
414.5,0,
415.5,0,
416.5,0,
417.5,0,
418.5,0,
419.5,0,
420.5,0,
421.5,0,
422.5,0,
423.5,0,
424.5,0,
425.5,0,
426.5,0,
427.5,0,
428.5,0,
429.5,0,
430.5,0,
431.5,0,
432.5,0,
433.5,0,
434.5,0,
435.5,0,
436.5,0,
437.5,0,
438.5,0,
439.5,0,
440.5,0,
441.5,0,
442.5,0,
443.5,0,
444.5,0,
445.5,0,
446.5,0,
447.5,0,
448.5,0,
449.5,0,
450.5,0,
451.5,0,
452.5,0,
453.5,0,
454.5,0,
455.5,0,
456.5,0,
457.5,0,
458.5,0,
459.5,0,
460.5,0,
461.5,0,
462.5,0,
463.5,0,
464.5,0,
465.5,0,
466.5,0,
467.5,0,
468.5,0,
469.5,0,
470.5,0,
471.5,0,
472.5,0,
473.5,0,
474.5,0,
475.5,0,
476.5,0,
477.5,0,
478.5,0,
479.5,0,
480.5,0,
481.5,0,
482.5,0,
483.5,0,
484.5,0,
485.5,0,
486.5,0,
487.5,0,
488.5,0,
489.5,0,
490.5,0,
491.5,0,
492.5,0,
493.5,0,
494.5,0,
495.5,0,
496.5,0,
497.5,0,
498.5,0,
499.5,0,
500.5,0,
501.5,0,
502.5,0,
503.5,0,
504.5,0,
505.5,0,
506.5,0,
507.5,0,
508.5,0,
509.5,0,
510.5,0,
511.5,0,
512.5,0,
513.5,0,
514.5,0,
515.5,0,
516.5,0,
517.5,0,
518.5,0,
519.5,0,
520.5,0,
521.5,0,
522.5,0,
523.5,0,
524.5,0,
525.5,0,
526.5,0,
527.5,0,
528.5,0,
529.5,0,
530.5,0,
531.5,0,
532.5,0,
533.5,0,
534.5,0,
535.5,0,
536.5,0,
537.5,0,
538.5,0,
539.5,0,
540.5,0,
541.5,0,
542.5,0,
543.5,0,
544.5,0,
545.5,0,
546.5,0,
547.5,0,
548.5,0,
549.5,0,
550.5,0,
551.5,0,
552.5,0,
553.5,0,
554.5,0,
555.5,0,
556.5,0,
557.5,0,
558.5,0,
559.5,0,
560.5,0,
561.5,0,
562.5,0,
563.5,0,
564.5,0,
565.5,0,
566.5,0,
567.5,0,
568.5,0,
569.5,0,
570.5,0,
571.5,0,
572.5,0,
573.5,0,
574.5,0,
575.5,0,
576.5,0,
577.5,0,
578.5,0,
579.5,0,
580.5,0,
581.5,0,
582.5,0,
583.5,0,
584.5,0,
585.5,0,
586.5,0,
587.5,0,
588.5,0,
589.5,0,
590.5,0,
591.5,0,
592.5,0,
593.5,0,
594.5,0,
595.5,0,
596.5,0,
597.5,0,
598.5,0,
599.5,0,
600.5,0,
601.5,0,
602.5,0,
603.5,0,
604.5,0,
605.5,0,
606.5,0,
607.5,0,
608.5,0,
609.5,0,
610.5,0,
611.5,0,
612.5,0,
613.5,0,
614.5,0,
615.5,0,
616.5,0,
617.5,0,
618.5,0,
619.5,0,
620.5,0,
621.5,0,
622.5,0,
623.5,0,
624.5,0,
625.5,0,
626.5,0,
627.5,0,
628.5,0,
629.5,0,
630.5,0,
631.5,0,
632.5,0,
633.5,0,
634.5,0,
635.5,0,
636.5,0,
637.5,0,
638.5,0,
639.5,0,
640.5,0,
641.5,0,
642.5,0,
643.5,0,
644.5,0,
645.5,0,
646.5,0,
647.5,0,
648.5,0,
649.5,0,
650.5,0,
651.5,0,
652.5,0,
653.5,0,
654.5,0,
655.5,0,
656.5,0,
657.5,0,
658.5,0,
659.5,0,
660.5,0,
661.5,0,
662.5,0,
663.5,0,
664.5,0,
665.5,0,
666.5,0,
667.5,0,
668.5,0,
669.5,0,
670.5,0,
671.5,0,
672.5,0,
673.5,0,
674.5,0,
675.5,0,
676.5,0,
677.5,0,
678.5,0,
679.5,0,
680.5,0,
681.5,0,
682.5,0,
683.5,0,
684.5,0,
685.5,0,
686.5,0,
687.5,0,
688.5,0,
689.5,0,
690.5,0,
691.5,0,
692.5,0,
693.5,0,
694.5,0,
695.5,0,
696.5,0,
697.5,0,
698.5,0,
699.5,0,
700.5,0,
701.5,0,
702.5,0,
703.5,0,
704.5,0,
705.5,0,
706.5,0,
707.5,0,
708.5,0,
709.5,0,
710.5,0,
711.5,0,
712.5,0,
713.5,0,
714.5,0,
715.5,0,
716.5,0,
717.5,0,
718.5,0,
719.5,0,
720.5,0,
721.5,0,
722.5,0,
723.5,0,
724.5,0,
725.5,0,
726.5,0,
727.5,0,
728.5,0,
729.5,0,
730.5,0,
731.5,0,
732.5,0,
733.5,0,
734.5,0,
735.5,0,
736.5,0,
737.5,0,
738.5,0,
739.5,0,
740.5,0,
741.5,0,
742.5,0,
743.5,0,
744.5,0,
745.5,0,
746.5,0,
747.5,0,
748.5,0,
749.5,0,
750.5,0,
751.5,0,
752.5,0,
753.5,0,
754.5,0,
755.5,0,
756.5,0,
757.5,0,
758.5,0,
759.5,0,
760.5,0,
761.5,0,
762.5,0,
763.5,0,
764.5,0,
765.5,0,
766.5,0,
767.5,0,
768.5,0,
769.5,0,
770.5,0,
771.5,0,
772.5,0,
773.5,0,
774.5,0,
775.5,0,
776.5,0,
777.5,0,
778.5,0,
779.5,0,
780.5,0,
781.5,0,
782.5,0,
783.5,0,
784.5,0,
785.5,0,
786.5,0,
787.5,0,
788.5,0,
789.5,0,
790.5,0,
791.5,0,
792.5,0,
793.5,0,
794.5,0,
795.5,0,
796.5,0,
797.5,0,
798.5,0,
799.5,0,
800.5,0,
801.5,0,
802.5,0,
803.5,0,
804.5,0,
805.5,0,
806.5,0,
807.5,0,
808.5,0,
809.5,0,
810.5,0,
811.5,0,
812.5,0,
813.5,0,
814.5,0,
815.5,0,
816.5,0,
817.5,0,
818.5,0,
819.5,0,
820.5,0,
821.5,0,
822.5,0,
823.5,0,
824.5,0,
825.5,0,
826.5,0,
827.5,0,
828.5,0,
829.5,0,
830.5,0,
831.5,0,
832.5,0,
833.5,0,
834.5,0,
835.5,0,
836.5,0,
837.5,0,
838.5,0,
839.5,0,
840.5,0,
841.5,0,
842.5,0,
843.5,0,
844.5,0,
845.5,0,
846.5,0,
847.5,0,
848.5,0,
849.5,0,
850.5,0,
851.5,0,
852.5,0,
853.5,0,
854.5,0,
855.5,0,
856.5,0,
857.5,0,
858.5,0,
859.5,0,
860.5,0,
861.5,0,
862.5,0,
863.5,0,
864.5,0,
865.5,0,
866.5,0,
867.5,0,
868.5,0,
869.5,0,
870.5,0,
871.5,0,
872.5,0,
873.5,0,
874.5,0,
875.5,0,
876.5,0,
877.5,0,
878.5,0,
879.5,0,
880.5,0,
881.5,0,
882.5,0,
883.5,0,
884.5,0,
885.5,0,
886.5,0,
887.5,0,
888.5,0,
889.5,0,
890.5,0,
891.5,0,
892.5,0,
893.5,0,
894.5,0,
895.5,0,
896.5,0,
897.5,0,
898.5,0,
899.5,0,
900.5,0,
901.5,0,
902.5,0,
903.5,0,
904.5,0,
905.5,0,
906.5,0,
907.5,0,
908.5,0,
909.5,0,
910.5,0,
911.5,0,
912.5,0,
913.5,0,
914.5,0,
915.5,0,
916.5,0,
917.5,0,
918.5,0,
919.5,0,
920.5,0,
921.5,0,
922.5,0,
923.5,0,
924.5,0,
925.5,0,
926.5,0,
927.5,0,
928.5,0,
929.5,0,
930.5,0,
931.5,0,
932.5,0,
933.5,0,
934.5,0,
935.5,0,
936.5,0,
937.5,0,
938.5,0,
939.5,0,
940.5,0,
941.5,0,
942.5,0,
943.5,0,
944.5,0,
945.5,0,
946.5,0,
947.5,0,
948.5,0,
949.5,0,
950.5,0,
951.5,0,
952.5,0,
953.5,0,
954.5,0,
955.5,0,
956.5,0,
957.5,0,
958.5,0,
959.5,0,
960.5,0,
961.5,0,
962.5,0,
963.5,0,
964.5,0,
965.5,0,
966.5,0,
967.5,0,
968.5,0,
969.5,0,
970.5,0,
971.5,0,
972.5,0,
973.5,0,
974.5,0,
975.5,0,
976.5,0,
977.5,0,
978.5,0,
979.5,0,
980.5,0,
981.5,0,
982.5,0,
983.5,0,
984.5,0,
985.5,0,
986.5,0,
987.5,0,
988.5,0,
989.5,0,
990.5,0,
991.5,0,
992.5,0,
993.5,0,
994.5,0,
995.5,0,
996.5,0,
997.5,0,
998.5,0,
999.5,0,

Percentile,Size (nm),
0,37.0,
1,65.4,
2,67.4,
3,68.8,
4,69.8,
5,70.8,
6,71.6,
7,72.3,
8,72.9,
9,73.5,
10,74.1,
11,74.6,
12,75.1,
13,75.6,
14,76.1,
15,76.5,
16,77.0,
17,77.4,
18,77.8,
19,78.2,
20,78.6,
21,79.0,
22,79.3,
23,79.7,
24,80.1,
25,80.4,
26,80.8,
27,81.1,
28,81.5,
29,81.8,
30,82.2,
31,82.5,
32,82.9,
33,83.2,
34,83.6,
35,83.9,
36,84.3,
37,84.6,
38,85.0,
39,85.4,
40,85.7,
41,86.1,
42,86.4,
43,86.8,
44,87.2,
45,87.6,
46,88.0,
47,88.4,
48,88.8,
49,89.2,
50,89.6,
51,90.0,
52,90.5,
53,90.9,
54,91.4,
55,91.8,
56,92.3,
57,92.8,
58,93.3,
59,93.8,
60,94.3,
61,94.9,
62,95.4,
63,96.0,
64,96.6,
65,97.2,
66,97.8,
67,98.5,
68,99.1,
69,99.8,
70,100.5,
71,101.2,
72,101.9,
73,102.6,
74,103.4,
75,104.2,
76,105.0,
77,105.8,
78,106.6,
79,107.5,
80,108.4,
81,109.3,
82,110.3,
83,111.3,
84,112.3,
85,113.4,
86,114.6,
87,115.8,
88,117.2,
89,118.7,
90,120.4,
91,122.3,
92,124.7,
93,127.6,
94,131.7,
95,137.4,
96,143.9,
97,149.2,
98,153.3,
99,157.6,
100,401.0,
,,
[Diffusion Coefficient Data],,
Analysis Method,FTLA,
Weighting,Number,
Filename,5000x_L_4_3_real 2024-09-25 15-48-07,
Mean,537.2,
Mode,547.8,
SD,80.7,
D10,428.6,
D50,541.7,
D90,637.2,
Valid Tracks,7508.0,
Graph Data,
Bin centre (E4 nm²/s),Concentration (particles / ml),
2.0,0,
6.0,0,
10.0,0,
14.0,0,
18.0,0,
22.0,0,
26.0,0,
30.0,0,
34.0,0,
38.0,0,
42.0,0,
46.0,0,
50.0,0,
54.0,0,
58.0,0,
62.0,0,
66.0,0,
70.0,0,
74.0,0,
78.0,0,
82.0,0,
86.0,0,
90.0,0,
94.0,0,
98.0,0,
102.0,0,
106.0,0,
110.0,0,
114.0,0,
118.0,0,
122.0,36,
126.0,6131,
130.0,360699,
134.0,7800514,
138.0,66343411,
142.0,239010276,
146.0,393871811,
150.0,320653309,
154.0,139097894,
158.0,34611039,
162.0,5306143,
166.0,537253,
170.0,38444,
174.0,2078,
178.0,91,
182.0,3,
186.0,0,
190.0,0,
194.0,0,
198.0,0,
202.0,0,
206.0,0,
210.0,0,
214.0,0,
218.0,0,
222.0,0,
226.0,0,
230.0,0,
234.0,0,
238.0,0,
242.0,0,
246.0,42,
250.0,1885,
254.0,59140,
258.0,1200327,
262.0,15292770,
266.0,122270730,
270.0,627318625,
274.0,2146620299,
278.0,5148526282,
282.0,9154684865,
286.0,12797096551,
290.0,14899857836,
294.0,15251580395,
298.0,14398959362,
302.0,13052820169,
306.0,11726612977,
310.0,10682640144,
314.0,10014006987,
318.0,9733314144,
322.0,9828156134,
326.0,10286949494,
330.0,11107272790,
334.0,12295784503,
338.0,13864727766,
342.0,15827530492,
346.0,18194767216,
350.0,20971103836,
354.0,24153406796,
358.0,27729858938,
362.0,31679727227,
366.0,35973423162,
370.0,40572664398,
374.0,45430793466,
378.0,50493517667,
382.0,55700411328,
386.0,60987433428,
390.0,66290488660,
394.0,71549773519,
398.0,76714395793,
402.0,81746618613,
406.0,86625102109,
410.0,91346687900,
414.0,95926538640,
418.0,100396728237,
422.0,104803605170,
426.0,109204376853,
430.0,113663379091,
434.0,118248423405,
438.0,123027494335,
442.0,128065937129,
446.0,133424162434,
450.0,139155813780,
454.0,145306299176,
458.0,151911575162,
462.0,158997081822,
466.0,166576752046,
470.0,174652050435,
474.0,183211031888,
478.0,192227443750,
482.0,201659926461,
486.0,211451394357,
490.0,221528698953,
494.0,231802689560,
498.0,242168788288,
502.0,252508185752,
506.0,262689738595,
510.0,272572609604,
514.0,282009637161,
518.0,290851356631,
522.0,298950528182,
526.0,306166961126,
530.0,312372373019,
534.0,317454990655,
538.0,321323596017,
542.0,323910746056,
546.0,325174949793,
550.0,325101664154,
554.0,323703062300,
558.0,321016624033,
562.0,317102685899,
566.0,312041159133,
570.0,305927669939,
574.0,298869395671,
578.0,290980863266,
582.0,282379946702,
586.0,273184254634,
590.0,263508044771,
594.0,253459744974,
598.0,243140108222,
602.0,232640983707,
606.0,222044651760,
610.0,211423646771,
614.0,200840979189,
618.0,190350663585,
622.0,179998462699,
626.0,169822765335,
630.0,159855526917,
634.0,150123214031,
638.0,140647706912,
642.0,131447125882,
646.0,122536558610,
650.0,113928674442,
654.0,105634219969,
658.0,97662396424,
662.0,90021124612,
666.0,82717207068,
670.0,75756400084,
674.0,69143410382,
678.0,62881832600,
682.0,56974044472,
686.0,51421076666,
690.0,46222473798,
694.0,41376162063,
698.0,36878337346,
702.0,32723385586,
706.0,28903844661,
710.0,25410414183,
714.0,22232016549,
718.0,19355909428,
722.0,16767846887,
726.0,14452283563,
730.0,12392613997,
734.0,10571437526,
738.0,8970837998,
742.0,7572667249,
746.0,6358821579,
750.0,5311501394,
754.0,4413445700,
758.0,3648134918,
762.0,2999957611,
766.0,2454338786,
770.0,1997829475,
774.0,1618159098,
778.0,1304253575,
782.0,1046223267,
786.0,835325565,
790.0,663907256,
794.0,525331841,
798.0,413896692,
802.0,324744473,
806.0,253772650,
810.0,197544214,
814.0,153202077,
818.0,118388897,
822.0,91173540,
826.0,69984800,
830.0,53552647,
834.0,40856866,
838.0,31082770,
842.0,23583454,
846.0,17847985,
850.0,13474866,
854.0,10150110,
858.0,7629284,
862.0,5722911,
866.0,4284714,
870.0,3202192,
874.0,2389133,
878.0,1779693,
882.0,1323744,
886.0,983234,
890.0,729359,
894.0,540372,
898.0,399893,
902.0,295615,
906.0,218308,
910.0,161064,
914.0,118725,
918.0,87443,
922.0,64352,
926.0,47324,
930.0,34778,
934.0,25541,
938.0,18746,
942.0,13751,
946.0,10081,
950.0,7387,
954.0,5410,
958.0,3961,
962.0,2898,
966.0,2120,
970.0,1550,
974.0,1133,
978.0,828,
982.0,605,
986.0,442,
990.0,323,
994.0,235,
998.0,172,
1002.0,125,
1006.0,91,
1010.0,67,
1014.0,49,
1018.0,36,
1022.0,26,
1026.0,19,
1030.0,14,
1034.0,10,
1038.0,7,
1042.0,5,
1046.0,4,
1050.0,3,
1054.0,2,
1058.0,2,
1062.0,1,
1066.0,0,
1070.0,0,
1074.0,0,
1078.0,0,
1082.0,0,
1086.0,0,
1090.0,0,
1094.0,0,
1098.0,0,
1102.0,0,
1106.0,0,
1110.0,0,
1114.0,0,
1118.0,0,
1122.0,0,
1126.0,0,
1130.0,0,
1134.0,0,
1138.0,0,
1142.0,0,
1146.0,0,
1150.0,0,
1154.0,0,
1158.0,0,
1162.0,0,
1166.0,0,
1170.0,0,
1174.0,0,
1178.0,0,
1182.0,0,
1186.0,0,
1190.0,0,
1194.0,0,
1198.0,0,
1202.0,0,
1206.0,0,
1210.0,0,
1214.0,0,
1218.0,0,
1222.0,0,
1226.0,0,
1230.0,0,
1234.0,0,
1238.0,0,
1242.0,0,
1246.0,0,
1250.0,0,
1254.0,0,
1258.0,0,
1262.0,0,
1266.0,0,
1270.0,0,
1274.0,0,
1278.0,0,
1282.0,0,
1286.0,0,
1290.0,0,
1294.0,0,
1298.0,0,
1302.0,0,
1306.0,0,
1310.0,0,
1314.0,0,
1318.0,0,
1322.0,0,
1326.0,0,
1330.0,0,
1334.0,0,
1338.0,0,
1342.0,0,
1346.0,0,
1350.0,0,
1354.0,0,
1358.0,0,
1362.0,0,
1366.0,0,
1370.0,0,
1374.0,0,
1378.0,0,
1382.0,0,
1386.0,0,
1390.0,0,
1394.0,0,
1398.0,0,
1402.0,0,
1406.0,0,
1410.0,0,
1414.0,0,
1418.0,0,
1422.0,0,
1426.0,0,
1430.0,0,
1434.0,0,
1438.0,0,
1442.0,0,
1446.0,0,
1450.0,0,
1454.0,0,
1458.0,0,
1462.0,0,
1466.0,0,
1470.0,0,
1474.0,0,
1478.0,0,
1482.0,0,
1486.0,0,
1490.0,0,
1494.0,0,
1498.0,0,
1502.0,0,
1506.0,0,
1510.0,0,
1514.0,0,
1518.0,0,
1522.0,0,
1526.0,0,
1530.0,0,
1534.0,0,
1538.0,0,
1542.0,0,
1546.0,0,
1550.0,0,
1554.0,0,
1558.0,0,
1562.0,0,
1566.0,0,
1570.0,0,
1574.0,0,
1578.0,0,
1582.0,0,
1586.0,0,
1590.0,0,
1594.0,0,
1598.0,0,
1602.0,0,
1606.0,0,
1610.0,0,
1614.0,0,
1618.0,0,
1622.0,0,
1626.0,0,
1630.0,0,
1634.0,0,
1638.0,0,
1642.0,0,
1646.0,0,
1650.0,0,
1654.0,0,
1658.0,0,
1662.0,0,
1666.0,0,
1670.0,0,
1674.0,0,
1678.0,0,
1682.0,0,
1686.0,0,
1690.0,0,
1694.0,0,
1698.0,0,
1702.0,0,
1706.0,0,
1710.0,0,
1714.0,0,
1718.0,0,
1722.0,0,
1726.0,0,
1730.0,0,
1734.0,0,
1738.0,0,
1742.0,0,
1746.0,0,
1750.0,0,
1754.0,0,
1758.0,0,
1762.0,0,
1766.0,0,
1770.0,0,
1774.0,0,
1778.0,0,
1782.0,0,
1786.0,0,
1790.0,0,
1794.0,0,
1798.0,0,
1802.0,0,
1806.0,0,
1810.0,0,
1814.0,0,
1818.0,0,
1822.0,0,
1826.0,0,
1830.0,0,
1834.0,0,
1838.0,0,
1842.0,0,
1846.0,0,
1850.0,0,
1854.0,0,
1858.0,0,
1862.0,0,
1866.0,0,
1870.0,0,
1874.0,0,
1878.0,0,
1882.0,0,
1886.0,0,
1890.0,0,
1894.0,0,
1898.0,0,
1902.0,0,
1906.0,0,
1910.0,0,
1914.0,0,
1918.0,0,
1922.0,0,
1926.0,0,
1930.0,0,
1934.0,0,
1938.0,0,
1942.0,0,
1946.0,0,
1950.0,0,
1954.0,0,
1958.0,0,
1962.0,0,
1966.0,0,
1970.0,0,
1974.0,0,
1978.0,0,
1982.0,0,
1986.0,0,
1990.0,0,
1994.0,0,
1998.0,0,
2002.0,0,
2006.0,0,
2010.0,0,
2014.0,0,
2018.0,0,
2022.0,0,
2026.0,0,
2030.0,0,
2034.0,0,
2038.0,0,
2042.0,0,
2046.0,0,
2050.0,0,
2054.0,0,
2058.0,0,
2062.0,0,
2066.0,0,
2070.0,0,
2074.0,0,
2078.0,0,
2082.0,0,
2086.0,0,
2090.0,0,
2094.0,0,
2098.0,0,
2102.0,0,
2106.0,0,
2110.0,0,
2114.0,0,
2118.0,0,
2122.0,0,
2126.0,0,
2130.0,0,
2134.0,0,
2138.0,0,
2142.0,0,
2146.0,0,
2150.0,0,
2154.0,0,
2158.0,0,
2162.0,0,
2166.0,0,
2170.0,0,
2174.0,0,
2178.0,0,
2182.0,0,
2186.0,0,
2190.0,0,
2194.0,0,
2198.0,0,
2202.0,0,
2206.0,0,
2210.0,0,
2214.0,0,
2218.0,0,
2222.0,0,
2226.0,0,
2230.0,0,
2234.0,0,
2238.0,0,
2242.0,0,
2246.0,0,
2250.0,0,
2254.0,0,
2258.0,0,
2262.0,0,
2266.0,0,
2270.0,0,
2274.0,0,
2278.0,0,
2282.0,0,
2286.0,0,
2290.0,0,
2294.0,0,
2298.0,0,
2302.0,0,
2306.0,0,
2310.0,0,
2314.0,0,
2318.0,0,
2322.0,0,
2326.0,0,
2330.0,0,
2334.0,0,
2338.0,0,
2342.0,0,
2346.0,0,
2350.0,0,
2354.0,0,
2358.0,0,
2362.0,0,
2366.0,0,
2370.0,0,
2374.0,0,
2378.0,0,
2382.0,0,
2386.0,0,
2390.0,0,
2394.0,0,
2398.0,0,
2402.0,0,
2406.0,0,
2410.0,0,
2414.0,0,
2418.0,0,
2422.0,0,
2426.0,0,
2430.0,0,
2434.0,0,
2438.0,0,
2442.0,0,
2446.0,0,
2450.0,0,
2454.0,0,
2458.0,0,
2462.0,0,
2466.0,0,
2470.0,0,
2474.0,0,
2478.0,0,
2482.0,0,
2486.0,0,
2490.0,0,
2494.0,0,
2498.0,0,
2502.0,0,
2506.0,0,
2510.0,0,
2514.0,0,
2518.0,0,
2522.0,0,
2526.0,0,
2530.0,0,
2534.0,0,
2538.0,0,
2542.0,0,
2546.0,0,
2550.0,0,
2554.0,0,
2558.0,0,
2562.0,0,
2566.0,0,
2570.0,0,
2574.0,0,
2578.0,0,
2582.0,0,
2586.0,0,
2590.0,0,
2594.0,0,
2598.0,0,
2602.0,0,
2606.0,0,
2610.0,0,
2614.0,0,
2618.0,0,
2622.0,0,
2626.0,0,
2630.0,0,
2634.0,0,
2638.0,0,
2642.0,0,
2646.0,0,
2650.0,0,
2654.0,0,
2658.0,0,
2662.0,0,
2666.0,0,
2670.0,0,
2674.0,0,
2678.0,0,
2682.0,0,
2686.0,0,
2690.0,0,
2694.0,0,
2698.0,0,
2702.0,0,
2706.0,0,
2710.0,0,
2714.0,0,
2718.0,0,
2722.0,0,
2726.0,0,
2730.0,0,
2734.0,0,
2738.0,0,
2742.0,0,
2746.0,0,
2750.0,0,
2754.0,0,
2758.0,0,
2762.0,0,
2766.0,0,
2770.0,0,
2774.0,0,
2778.0,0,
2782.0,0,
2786.0,0,
2790.0,0,
2794.0,0,
2798.0,0,
2802.0,0,
2806.0,0,
2810.0,0,
2814.0,0,
2818.0,0,
2822.0,0,
2826.0,0,
2830.0,0,
2834.0,0,
2838.0,0,
2842.0,0,
2846.0,0,
2850.0,0,
2854.0,0,
2858.0,0,
2862.0,0,
2866.0,0,
2870.0,0,
2874.0,0,
2878.0,0,
2882.0,0,
2886.0,0,
2890.0,0,
2894.0,0,
2898.0,0,
2902.0,0,
2906.0,0,
2910.0,0,
2914.0,0,
2918.0,0,
2922.0,0,
2926.0,0,
2930.0,0,
2934.0,0,
2938.0,0,
2942.0,0,
2946.0,0,
2950.0,0,
2954.0,0,
2958.0,0,
2962.0,0,
2966.0,0,
2970.0,0,
2974.0,0,
2978.0,0,
2982.0,0,
2986.0,0,
2990.0,0,
2994.0,0,
2998.0,0,
3002.0,0,
3006.0,0,
3010.0,0,
3014.0,0,
3018.0,0,
3022.0,0,
3026.0,0,
3030.0,0,
3034.0,0,
3038.0,0,
3042.0,0,
3046.0,0,
3050.0,0,
3054.0,0,
3058.0,0,
3062.0,0,
3066.0,0,
3070.0,0,
3074.0,0,
3078.0,0,
3082.0,0,
3086.0,0,
3090.0,0,
3094.0,0,
3098.0,0,
3102.0,0,
3106.0,0,
3110.0,0,
3114.0,0,
3118.0,0,
3122.0,0,
3126.0,0,
3130.0,0,
3134.0,0,
3138.0,0,
3142.0,0,
3146.0,0,
3150.0,0,
3154.0,0,
3158.0,0,
3162.0,0,
3166.0,0,
3170.0,0,
3174.0,0,
3178.0,0,
3182.0,0,
3186.0,0,
3190.0,0,
3194.0,0,
3198.0,0,
3202.0,0,
3206.0,0,
3210.0,0,
3214.0,0,
3218.0,0,
3222.0,0,
3226.0,0,
3230.0,0,
3234.0,0,
3238.0,0,
3242.0,0,
3246.0,0,
3250.0,0,
3254.0,0,
3258.0,0,
3262.0,0,
3266.0,0,
3270.0,0,
3274.0,0,
3278.0,0,
3282.0,0,
3286.0,0,
3290.0,0,
3294.0,0,
3298.0,0,
3302.0,0,
3306.0,0,
3310.0,0,
3314.0,0,
3318.0,0,
3322.0,0,
3326.0,0,
3330.0,0,
3334.0,0,
3338.0,0,
3342.0,0,
3346.0,0,
3350.0,0,
3354.0,0,
3358.0,0,
3362.0,0,
3366.0,0,
3370.0,0,
3374.0,0,
3378.0,0,
3382.0,0,
3386.0,0,
3390.0,0,
3394.0,0,
3398.0,0,
3402.0,0,
3406.0,0,
3410.0,0,
3414.0,0,
3418.0,0,
3422.0,0,
3426.0,0,
3430.0,0,
3434.0,0,
3438.0,0,
3442.0,0,
3446.0,0,
3450.0,0,
3454.0,0,
3458.0,0,
3462.0,0,
3466.0,0,
3470.0,0,
3474.0,0,
3478.0,0,
3482.0,0,
3486.0,0,
3490.0,0,
3494.0,0,
3498.0,0,
3502.0,0,
3506.0,0,
3510.0,0,
3514.0,0,
3518.0,0,
3522.0,0,
3526.0,0,
3530.0,0,
3534.0,0,
3538.0,0,
3542.0,0,
3546.0,0,
3550.0,0,
3554.0,0,
3558.0,0,
3562.0,0,
3566.0,0,
3570.0,0,
3574.0,0,
3578.0,0,
3582.0,0,
3586.0,0,
3590.0,0,
3594.0,0,
3598.0,0,
3602.0,0,
3606.0,0,
3610.0,0,
3614.0,0,
3618.0,0,
3622.0,0,
3626.0,0,
3630.0,0,
3634.0,0,
3638.0,0,
3642.0,0,
3646.0,0,
3650.0,0,
3654.0,0,
3658.0,0,
3662.0,0,
3666.0,0,
3670.0,0,
3674.0,0,
3678.0,0,
3682.0,0,
3686.0,0,
3690.0,0,
3694.0,0,
3698.0,0,
3702.0,0,
3706.0,0,
3710.0,0,
3714.0,0,
3718.0,0,
3722.0,0,
3726.0,0,
3730.0,0,
3734.0,0,
3738.0,0,
3742.0,0,
3746.0,0,
3750.0,0,
3754.0,0,
3758.0,0,
3762.0,0,
3766.0,0,
3770.0,0,
3774.0,0,
3778.0,0,
3782.0,0,
3786.0,0,
3790.0,0,
3794.0,0,
3798.0,0,
3802.0,0,
3806.0,0,
3810.0,0,
3814.0,0,
3818.0,0,
3822.0,0,
3826.0,0,
3830.0,0,
3834.0,0,
3838.0,0,
3842.0,0,
3846.0,0,
3850.0,0,
3854.0,0,
3858.0,0,
3862.0,0,
3866.0,0,
3870.0,0,
3874.0,0,
3878.0,0,
3882.0,0,
3886.0,0,
3890.0,0,
3894.0,0,
3898.0,0,
3902.0,0,
3906.0,0,
3910.0,0,
3914.0,0,
3918.0,0,
3922.0,0,
3926.0,0,
3930.0,0,
3934.0,0,
3938.0,0,
3942.0,0,
3946.0,0,
3950.0,0,
3954.0,0,
3958.0,0,
3962.0,0,
3966.0,0,
3970.0,0,
3974.0,0,
3978.0,0,
3982.0,0,
3986.0,0,
3990.0,0,
3994.0,0,
3998.0,0,

Percentile,Diffusion Coefficient (E4 nm²/s),
0,120.0,
1,328.3,
2,361.1,
3,376.5,
4,387.4,
5,396.3,
6,404.0,
7,410.8,
8,417.2,
9,423.1,
10,428.6,
11,433.9,
12,438.9,
13,443.7,
14,448.3,
15,452.6,
16,456.8,
17,460.7,
18,464.5,
19,468.2,
20,471.6,
21,475.0,
22,478.2,
23,481.3,
24,484.3,
25,487.2,
26,489.9,
27,492.7,
28,495.3,
29,497.8,
30,500.3,
31,502.7,
32,505.1,
33,507.4,
34,509.6,
35,511.9,
36,514.0,
37,516.2,
38,518.3,
39,520.3,
40,522.4,
41,524.4,
42,526.4,
43,528.4,
44,530.3,
45,532.3,
46,534.2,
47,536.1,
48,538.0,
49,539.9,
50,541.7,
51,543.6,
52,545.5,
53,547.4,
54,549.2,
55,551.1,
56,553.0,
57,554.8,
58,556.7,
59,558.6,
60,560.5,
61,562.4,
62,564.4,
63,566.3,
64,568.3,
65,570.2,
66,572.2,
67,574.3,
68,576.3,
69,578.4,
70,580.5,
71,582.6,
72,584.8,
73,587.1,
74,589.3,
75,591.6,
76,594.0,
77,596.4,
78,598.9,
79,601.5,
80,604.1,
81,606.8,
82,609.7,
83,612.6,
84,615.6,
85,618.8,
86,622.1,
87,625.5,
88,629.2,
89,633.0,
90,637.2,
91,641.6,
92,646.4,
93,651.6,
94,657.4,
95,663.9,
96,671.6,
97,680.8,
98,692.9,
99,711.3,
100,1064.0,
,,
Weighting,Surface Area,
Filename,5000x_L_4_3_real 2024-09-25 15-48-07,
Mean,560.5,
Mode,562.1,
SD,75.8,
D10,461.9,
D50,562.7,
D90,655.9,
Valid Tracks,7508.0,
Graph Data,
Bin centre (E4 nm²/s),Surface area conc. (nm² / ml),
2.0,0,
6.0,0,
10.0,0,
14.0,0,
18.0,0,
22.0,0,
26.0,0,
30.0,0,
34.0,0,
38.0,0,
42.0,0,
46.0,0,
50.0,0,
54.0,0,
58.0,0,
62.0,0,
66.0,0,
70.0,0,
74.0,0,
78.0,0,
82.0,0,
86.0,0,
90.0,0,
94.0,0,
98.0,0,
102.0,0,
106.0,0,
110.0,0,
114.0,2,
118.0,3055,
122.0,1640503,
126.0,296140520,
130.0,18565811765,
134.0,426992856839,
138.0,3855006544724,
142.0,14717096966999,
146.0,25658389269895,
150.0,22065240384120,
154.0,10096183508763,
158.0,2646143182738,
162.0,426744978822,
166.0,45395850627,
170.0,3408791872,
174.0,193134207,
178.0,8822766,
182.0,347650,
186.0,12685,
190.0,463,
194.0,19,
198.0,0,
202.0,0,
206.0,0,
210.0,0,
214.0,0,
218.0,0,
222.0,0,
226.0,0,
230.0,0,
234.0,33,
238.0,1934,
242.0,128542,
246.0,7776251,
250.0,364189394,
254.0,11798649219,
258.0,247131998574,
262.0,3247748339022,
266.0,26771941345474,
270.0,141549153207505,
274.0,498933363238955,
278.0,1232113182078518,
282.0,2254804887753596,
286.0,3242631763591313,
290.0,3882545965888271,
294.0,4085357410651056,
298.0,3963364672698625,
302.0,3690594838354439,
306.0,3404624853012287,
310.0,3183680943205862,
314.0,3062432915334987,
318.0,3053404994233189,
322.0,3161706191698687,
326.0,3392549037257857,
330.0,3754089578630044,
334.0,4257767242271327,
338.0,4917443823564875,
342.0,5748049491413907,
346.0,6764144778850651,
350.0,7978647613599286,
354.0,9401848066182872,
358.0,11040714053819294,
362.0,12898402967897466,
366.0,14973869352467898,
370.0,17261505535836310,
374.0,19750846221168812,
378.0,22426465007531368,
382.0,25268246294518940,
386.0,28252202579417172,
390.0,31351922540360056,
394.0,34540602062554464,
398.0,37793468099992464,
402.0,41090297531068336,
406.0,44417692749069192,
410.0,47770813508390536,
414.0,51154366634723336,
418.0,54582789540897832,
422.0,58079692585244672,
426.0,61676719205454992,
430.0,65412026933712672,
434.0,69328588546480024,
438.0,73472473913129408,
442.0,77891217213769664,
446.0,82632317155060064,
450.0,87741870643631504,
454.0,93263308367749504,
458.0,99236184557092592,
462.0,105694970706741280,
466.0,112667811063319984,
470.0,120175213035874880,
474.0,128228665912079952,
478.0,136829204486165984,
482.0,145965959048411744,
486.0,155614758281863712,
490.0,165736875329315872,
494.0,176278027438259040,
498.0,187167753445988608,
502.0,198319297819442944,
506.0,209630122006622528,
510.0,220983141157148640,
514.0,232248745920901408,
518.0,243287616127580768,
522.0,253954269250072096,
526.0,264101217585550080,
530.0,273583541895854208,
534.0,282263634540139520,
538.0,290015830086326848,
542.0,296730632221071616,
546.0,302318265426606400,
550.0,306711327312756928,
554.0,309866387642855936,
558.0,311764464667770048,
562.0,312410398224863360,
566.0,311831221785197568,
570.0,310073703338728192,
574.0,307201271470887680,
578.0,303290565379536128,
582.0,298427846438029952,
586.0,292705487621625280,
590.0,286218720911648448,
594.0,279062777777304064,
598.0,271330509920693280,
602.0,263110531681783040,
606.0,254485885516269024,
610.0,245533199994626528,
614.0,236322286663866688,
618.0,226916107625058720,
622.0,217371038794064256,
626.0,207737353101554272,
630.0,198059851775860832,
634.0,188378578848999328,
638.0,178729562826354528,
642.0,169145539051623904,
646.0,159656615931494144,
650.0,150290857373137408,
654.0,141074762251700672,
658.0,132033629341697536,
662.0,123191802896942448,
666.0,114572799985104912,
670.0,106199325830583744,
674.0,98093187849965472,
678.0,90275122796177120,
682.0,82764554463788512,
686.0,75579301706031632,
690.0,68735258018981640,
694.0,62246064588412016,
698.0,56122798410906832,
702.0,50373695852830496,
706.0,45003929809529784,
710.0,40015455533643856,
714.0,35406936343360304,
718.0,31173755992936136,
722.0,27308119733432680,
726.0,23799241301649264,
730.0,20633608549500980,
734.0,17795316458045118,
738.0,15266453120861068,
742.0,13027522119605418,
746.0,11057883657367888,
750.0,9336196878606268,
754.0,7840846913924084,
758.0,6550342190869500,
762.0,5443670234478132,
766.0,4500603293398086,
770.0,3701948409724828,
774.0,3029739757805279,
778.0,2467374000329491,
782.0,1999691889809885,
786.0,1613011278782991,
790.0,1295118049356218,
794.0,1035222241214091,
798.0,823886898604593,
802.0,652936953107904,
806.0,515354909350587,
810.0,405169309794434,
814.0,317341022136148,
818.0,247651406615222,
822.0,192595452166013,
826.0,149282073132510,
830.0,115342967501583,
834.0,88850772451651,
838.0,68246719229828,
842.0,52277582553002,
846.0,39941428398541,
850.0,30441472569045,
854.0,23147253283252,
858.0,17562276735947,
862.0,13297298761140,
866.0,10048444077724,
870.0,7579425085037,
874.0,5707195208231,
878.0,4290450041935,
882.0,3220467693053,
886.0,2413854161698,
890.0,1806828067691,
894.0,1350740321081,
898.0,1008578009452,
902.0,752247928220,
906.0,560474255006,
910.0,417177510704,
914.0,310228899592,
918.0,230496142177,
922.0,171114743994,
926.0,126932960802,
930.0,94090132617,
934.0,69697094798,
938.0,51594485489,
942.0,38170334451,
946.0,28222652810,
950.0,20856103481,
954.0,15404426183,
958.0,11372286098,
962.0,8391744301,
966.0,6189716272,
970.0,4563674627,
974.0,3363528212,
978.0,2478122017,
982.0,1825189666,
986.0,1343882548,
990.0,989219713,
994.0,727968121,
998.0,535587012,
1002.0,393963191,
1006.0,289733697,
1010.0,213044295,
1014.0,156631144,
1018.0,115141904,
1022.0,84634130,
1026.0,62204852,
1030.0,45717172,
1034.0,33598552,
1038.0,24692078,
1042.0,18146811,
1046.0,13337005,
1050.0,9802599,
1054.0,7205411,
1058.0,5296883,
1062.0,3894355,
1066.0,2863609,
1070.0,2106028,
1074.0,1549159,
1078.0,1139773,
1082.0,838764,
1086.0,617404,
1090.0,454585,
1094.0,334801,
1098.0,246655,
1102.0,181776,
1106.0,134008,
1110.0,98828,
1114.0,72911,
1118.0,53812,
1122.0,39732,
1126.0,29348,
1130.0,21688,
1134.0,16034,
1138.0,11860,
1142.0,8776,
1146.0,6498,
1150.0,4813,
1154.0,3567,
1158.0,2645,
1162.0,1962,
1166.0,1457,
1170.0,1082,
1174.0,804,
1178.0,598,
1182.0,445,
1186.0,331,
1190.0,247,
1194.0,184,
1198.0,137,
1202.0,102,
1206.0,76,
1210.0,57,
1214.0,43,
1218.0,32,
1222.0,24,
1226.0,18,
1230.0,13,
1234.0,10,
1238.0,8,
1242.0,6,
1246.0,4,
1250.0,3,
1254.0,2,
1258.0,2,
1262.0,1,
1266.0,1,
1270.0,0,
1274.0,0,
1278.0,0,
1282.0,0,
1286.0,0,
1290.0,0,
1294.0,0,
1298.0,0,
1302.0,0,
1306.0,0,
1310.0,0,
1314.0,0,
1318.0,0,
1322.0,0,
1326.0,0,
1330.0,0,
1334.0,0,
1338.0,0,
1342.0,0,
1346.0,0,
1350.0,0,
1354.0,0,
1358.0,0,
1362.0,0,
1366.0,0,
1370.0,0,
1374.0,0,
1378.0,0,
1382.0,0,
1386.0,0,
1390.0,0,
1394.0,0,
1398.0,0,
1402.0,0,
1406.0,0,
1410.0,0,
1414.0,0,
1418.0,0,
1422.0,0,
1426.0,0,
1430.0,0,
1434.0,0,
1438.0,0,
1442.0,0,
1446.0,0,
1450.0,0,
1454.0,0,
1458.0,0,
1462.0,0,
1466.0,0,
1470.0,0,
1474.0,0,
1478.0,0,
1482.0,0,
1486.0,0,
1490.0,0,
1494.0,0,
1498.0,0,
1502.0,0,
1506.0,0,
1510.0,0,
1514.0,0,
1518.0,0,
1522.0,0,
1526.0,0,
1530.0,0,
1534.0,0,
1538.0,0,
1542.0,0,
1546.0,0,
1550.0,0,
1554.0,0,
1558.0,0,
1562.0,0,
1566.0,0,
1570.0,0,
1574.0,0,
1578.0,0,
1582.0,0,
1586.0,0,
1590.0,0,
1594.0,0,
1598.0,0,
1602.0,0,
1606.0,0,
1610.0,0,
1614.0,0,
1618.0,0,
1622.0,0,
1626.0,0,
1630.0,0,
1634.0,0,
1638.0,0,
1642.0,0,
1646.0,0,
1650.0,0,
1654.0,0,
1658.0,0,
1662.0,0,
1666.0,0,
1670.0,0,
1674.0,0,
1678.0,0,
1682.0,0,
1686.0,0,
1690.0,0,
1694.0,0,
1698.0,0,
1702.0,0,
1706.0,0,
1710.0,0,
1714.0,0,
1718.0,0,
1722.0,0,
1726.0,0,
1730.0,0,
1734.0,0,
1738.0,0,
1742.0,0,
1746.0,0,
1750.0,0,
1754.0,0,
1758.0,0,
1762.0,0,
1766.0,0,
1770.0,0,
1774.0,0,
1778.0,0,
1782.0,0,
1786.0,0,
1790.0,0,
1794.0,0,
1798.0,0,
1802.0,0,
1806.0,0,
1810.0,0,
1814.0,0,
1818.0,0,
1822.0,0,
1826.0,0,
1830.0,0,
1834.0,0,
1838.0,0,
1842.0,0,
1846.0,0,
1850.0,0,
1854.0,0,
1858.0,0,
1862.0,0,
1866.0,0,
1870.0,0,
1874.0,0,
1878.0,0,
1882.0,0,
1886.0,0,
1890.0,0,
1894.0,0,
1898.0,0,
1902.0,0,
1906.0,0,
1910.0,0,
1914.0,0,
1918.0,0,
1922.0,0,
1926.0,0,
1930.0,0,
1934.0,0,
1938.0,0,
1942.0,0,
1946.0,0,
1950.0,0,
1954.0,0,
1958.0,0,
1962.0,0,
1966.0,0,
1970.0,0,
1974.0,0,
1978.0,0,
1982.0,0,
1986.0,0,
1990.0,0,
1994.0,0,
1998.0,0,
2002.0,0,
2006.0,0,
2010.0,0,
2014.0,0,
2018.0,0,
2022.0,0,
2026.0,0,
2030.0,0,
2034.0,0,
2038.0,0,
2042.0,0,
2046.0,0,
2050.0,0,
2054.0,0,
2058.0,0,
2062.0,0,
2066.0,0,
2070.0,0,
2074.0,0,
2078.0,0,
2082.0,0,
2086.0,0,
2090.0,0,
2094.0,0,
2098.0,0,
2102.0,0,
2106.0,0,
2110.0,0,
2114.0,0,
2118.0,0,
2122.0,0,
2126.0,0,
2130.0,0,
2134.0,0,
2138.0,0,
2142.0,0,
2146.0,0,
2150.0,0,
2154.0,0,
2158.0,0,
2162.0,0,
2166.0,0,
2170.0,0,
2174.0,0,
2178.0,0,
2182.0,0,
2186.0,0,
2190.0,0,
2194.0,0,
2198.0,0,
2202.0,0,
2206.0,0,
2210.0,0,
2214.0,0,
2218.0,0,
2222.0,0,
2226.0,0,
2230.0,0,
2234.0,0,
2238.0,0,
2242.0,0,
2246.0,0,
2250.0,0,
2254.0,0,
2258.0,0,
2262.0,0,
2266.0,0,
2270.0,0,
2274.0,0,
2278.0,0,
2282.0,0,
2286.0,0,
2290.0,0,
2294.0,0,
2298.0,0,
2302.0,0,
2306.0,0,
2310.0,0,
2314.0,0,
2318.0,0,
2322.0,0,
2326.0,0,
2330.0,0,
2334.0,0,
2338.0,0,
2342.0,0,
2346.0,0,
2350.0,0,
2354.0,0,
2358.0,0,
2362.0,0,
2366.0,0,
2370.0,0,
2374.0,0,
2378.0,0,
2382.0,0,
2386.0,0,
2390.0,0,
2394.0,0,
2398.0,0,
2402.0,0,
2406.0,0,
2410.0,0,
2414.0,0,
2418.0,0,
2422.0,0,
2426.0,0,
2430.0,0,
2434.0,0,
2438.0,0,
2442.0,0,
2446.0,0,
2450.0,0,
2454.0,0,
2458.0,0,
2462.0,0,
2466.0,0,
2470.0,0,
2474.0,0,
2478.0,0,
2482.0,0,
2486.0,0,
2490.0,0,
2494.0,0,
2498.0,0,
2502.0,0,
2506.0,0,
2510.0,0,
2514.0,0,
2518.0,0,
2522.0,0,
2526.0,0,
2530.0,0,
2534.0,0,
2538.0,0,
2542.0,0,
2546.0,0,
2550.0,0,
2554.0,0,
2558.0,0,
2562.0,0,
2566.0,0,
2570.0,0,
2574.0,0,
2578.0,0,
2582.0,0,
2586.0,0,
2590.0,0,
2594.0,0,
2598.0,0,
2602.0,0,
2606.0,0,
2610.0,0,
2614.0,0,
2618.0,0,
2622.0,0,
2626.0,0,
2630.0,0,
2634.0,0,
2638.0,0,
2642.0,0,
2646.0,0,
2650.0,0,
2654.0,0,
2658.0,0,
2662.0,0,
2666.0,0,
2670.0,0,
2674.0,0,
2678.0,0,
2682.0,0,
2686.0,0,
2690.0,0,
2694.0,0,
2698.0,0,
2702.0,0,
2706.0,0,
2710.0,0,
2714.0,0,
2718.0,0,
2722.0,0,
2726.0,0,
2730.0,0,
2734.0,0,
2738.0,0,
2742.0,0,
2746.0,0,
2750.0,0,
2754.0,0,
2758.0,0,
2762.0,0,
2766.0,0,
2770.0,0,
2774.0,0,
2778.0,0,
2782.0,0,
2786.0,0,
2790.0,0,
2794.0,0,
2798.0,0,
2802.0,0,
2806.0,0,
2810.0,0,
2814.0,0,
2818.0,0,
2822.0,0,
2826.0,0,
2830.0,0,
2834.0,0,
2838.0,0,
2842.0,0,
2846.0,0,
2850.0,0,
2854.0,0,
2858.0,0,
2862.0,0,
2866.0,0,
2870.0,0,
2874.0,0,
2878.0,0,
2882.0,0,
2886.0,0,
2890.0,0,
2894.0,0,
2898.0,0,
2902.0,0,
2906.0,0,
2910.0,0,
2914.0,0,
2918.0,0,
2922.0,0,
2926.0,0,
2930.0,0,
2934.0,0,
2938.0,0,
2942.0,0,
2946.0,0,
2950.0,0,
2954.0,0,
2958.0,0,
2962.0,0,
2966.0,0,
2970.0,0,
2974.0,0,
2978.0,0,
2982.0,0,
2986.0,0,
2990.0,0,
2994.0,0,
2998.0,0,
3002.0,0,
3006.0,0,
3010.0,0,
3014.0,0,
3018.0,0,
3022.0,0,
3026.0,0,
3030.0,0,
3034.0,0,
3038.0,0,
3042.0,0,
3046.0,0,
3050.0,0,
3054.0,0,
3058.0,0,
3062.0,0,
3066.0,0,
3070.0,0,
3074.0,0,
3078.0,0,
3082.0,0,
3086.0,0,
3090.0,0,
3094.0,0,
3098.0,0,
3102.0,0,
3106.0,0,
3110.0,0,
3114.0,0,
3118.0,0,
3122.0,0,
3126.0,0,
3130.0,0,
3134.0,0,
3138.0,0,
3142.0,0,
3146.0,0,
3150.0,0,
3154.0,0,
3158.0,0,
3162.0,0,
3166.0,0,
3170.0,0,
3174.0,0,
3178.0,0,
3182.0,0,
3186.0,0,
3190.0,0,
3194.0,0,
3198.0,0,
3202.0,0,
3206.0,0,
3210.0,0,
3214.0,0,
3218.0,0,
3222.0,0,
3226.0,0,
3230.0,0,
3234.0,0,
3238.0,0,
3242.0,0,
3246.0,0,
3250.0,0,
3254.0,0,
3258.0,0,
3262.0,0,
3266.0,0,
3270.0,0,
3274.0,0,
3278.0,0,
3282.0,0,
3286.0,0,
3290.0,0,
3294.0,0,
3298.0,0,
3302.0,0,
3306.0,0,
3310.0,0,
3314.0,0,
3318.0,0,
3322.0,0,
3326.0,0,
3330.0,0,
3334.0,0,
3338.0,0,
3342.0,0,
3346.0,0,
3350.0,0,
3354.0,0,
3358.0,0,
3362.0,0,
3366.0,0,
3370.0,0,
3374.0,0,
3378.0,0,
3382.0,0,
3386.0,0,
3390.0,0,
3394.0,0,
3398.0,0,
3402.0,0,
3406.0,0,
3410.0,0,
3414.0,0,
3418.0,0,
3422.0,0,
3426.0,0,
3430.0,0,
3434.0,0,
3438.0,0,
3442.0,0,
3446.0,0,
3450.0,0,
3454.0,0,
3458.0,0,
3462.0,0,
3466.0,0,
3470.0,0,
3474.0,0,
3478.0,0,
3482.0,0,
3486.0,0,
3490.0,0,
3494.0,0,
3498.0,0,
3502.0,0,
3506.0,0,
3510.0,0,
3514.0,0,
3518.0,0,
3522.0,0,
3526.0,0,
3530.0,0,
3534.0,0,
3538.0,0,
3542.0,0,
3546.0,0,
3550.0,0,
3554.0,0,
3558.0,0,
3562.0,0,
3566.0,0,
3570.0,0,
3574.0,0,
3578.0,0,
3582.0,0,
3586.0,0,
3590.0,0,
3594.0,0,
3598.0,0,
3602.0,0,
3606.0,0,
3610.0,0,
3614.0,0,
3618.0,0,
3622.0,0,
3626.0,0,
3630.0,0,
3634.0,0,
3638.0,0,
3642.0,0,
3646.0,0,
3650.0,0,
3654.0,0,
3658.0,0,
3662.0,0,
3666.0,0,
3670.0,0,
3674.0,0,
3678.0,0,
3682.0,0,
3686.0,0,
3690.0,0,
3694.0,0,
3698.0,0,
3702.0,0,
3706.0,0,
3710.0,0,
3714.0,0,
3718.0,0,
3722.0,0,
3726.0,0,
3730.0,0,
3734.0,0,
3738.0,0,
3742.0,0,
3746.0,0,
3750.0,0,
3754.0,0,
3758.0,0,
3762.0,0,
3766.0,0,
3770.0,0,
3774.0,0,
3778.0,0,
3782.0,0,
3786.0,0,
3790.0,0,
3794.0,0,
3798.0,0,
3802.0,0,
3806.0,0,
3810.0,0,
3814.0,0,
3818.0,0,
3822.0,0,
3826.0,0,
3830.0,0,
3834.0,0,
3838.0,0,
3842.0,0,
3846.0,0,
3850.0,0,
3854.0,0,
3858.0,0,
3862.0,0,
3866.0,0,
3870.0,0,
3874.0,0,
3878.0,0,
3882.0,0,
3886.0,0,
3890.0,0,
3894.0,0,
3898.0,0,
3902.0,0,
3906.0,0,
3910.0,0,
3914.0,0,
3918.0,0,
3922.0,0,
3926.0,0,
3930.0,0,
3934.0,0,
3938.0,0,
3942.0,0,
3946.0,0,
3950.0,0,
3954.0,0,
3958.0,0,
3962.0,0,
3966.0,0,
3970.0,0,
3974.0,0,
3978.0,0,
3982.0,0,
3986.0,0,
3990.0,0,
3994.0,0,
3998.0,0,

Percentile,Diffusion Coefficient (E4 nm²/s),
0,112.0,
1,371.6,
2,393.3,
3,407.4,
4,418.5,
5,428.0,
6,436.3,
7,443.6,
8,450.3,
9,456.4,
10,461.9,
11,467.0,
12,471.7,
13,476.1,
14,480.1,
15,484.0,
16,487.6,
17,491.0,
18,494.2,
19,497.3,
20,500.3,
21,503.1,
22,505.8,
23,508.5,
24,511.0,
25,513.4,
26,515.8,
27,518.2,
28,520.4,
29,522.6,
30,524.8,
31,526.9,
32,529.0,
33,531.0,
34,533.1,
35,535.0,
36,537.0,
37,538.9,
38,540.8,
39,542.7,
40,544.6,
41,546.4,
42,548.3,
43,550.1,
44,551.9,
45,553.7,
46,555.5,
47,557.3,
48,559.1,
49,560.9,
50,562.7,
51,564.5,
52,566.3,
53,568.1,
54,569.9,
55,571.7,
56,573.5,
57,575.3,
58,577.2,
59,579.0,
60,580.9,
61,582.7,
62,584.6,
63,586.5,
64,588.5,
65,590.4,
66,592.4,
67,594.4,
68,596.4,
69,598.5,
70,600.5,
71,602.7,
72,604.8,
73,607.0,
74,609.3,
75,611.5,
76,613.9,
77,616.3,
78,618.7,
79,621.2,
80,623.8,
81,626.5,
82,629.3,
83,632.1,
84,635.0,
85,638.1,
86,641.3,
87,644.7,
88,648.2,
89,651.9,
90,655.9,
91,660.1,
92,664.7,
93,669.7,
94,675.2,
95,681.4,
96,688.7,
97,697.4,
98,708.8,
99,726.4,
100,1268.0,
,,
Weighting,Volume,
Filename,5000x_L_4_3_real 2024-09-25 15-48-07,
Mean,570.8,
Mode,569.5,
SD,73.9,
D10,476.2,
D50,572.2,
D90,664.4,
Valid Tracks,7508.0,
Graph Data,
Bin centre (E4 nm²/s),Volume conc. (nm³ / ml),
2.0,0,
6.0,0,
10.0,0,
14.0,0,
18.0,0,
22.0,0,
26.0,0,
30.0,0,
34.0,0,
38.0,0,
42.0,0,
46.0,0,
50.0,0,
54.0,0,
58.0,0,
62.0,0,
66.0,0,
70.0,0,
74.0,0,
78.0,0,
82.0,0,
86.0,0,
90.0,0,
94.0,0,
98.0,0,
102.0,0,
106.0,0,
110.0,0,
114.0,36,
118.0,59055,
122.0,32810066,
126.0,6120237405,
130.0,396070650982,
134.0,9393842850462,
138.0,87380148347082,
142.0,343398929229978,
146.0,615801342477488,
150.0,544275929474972,
154.0,255769982221985,
158.0,68799722751195,
162.0,11379866101916,
166.0,1240819917148,
170.0,95446172413,
174.0,5536513940,
178.0,258801138,
182.0,10429498,
186.0,389000,
190.0,14519,
194.0,594,
198.0,30,
202.0,2,
206.0,0,
210.0,0,
214.0,0,
218.0,0,
222.0,0,
226.0,1,
230.0,30,
234.0,1264,
238.0,76090,
242.0,5141663,
246.0,316234212,
250.0,15053161608,
254.0,495543267208,
258.0,10544298605817,
262.0,140735761357603,
266.0,1177965419200858,
270.0,6322528843268577,
274.0,22618312466832648,
278.0,56677206375611832,
282.0,105224228095167776,
286.0,153484570143322112,
290.0,186362206362636960,
294.0,198820727318351392,
298.0,195525990519798784,
302.0,184529741917721920,
306.0,172500992552622528,
310.0,163428955084567552,
314.0,159246511597419328,
318.0,160812663029614592,
322.0,168624330223929984,
326.0,183197648011924256,
330.0,205223563631775712,
334.0,235596454072346752,
338.0,275376854119633024,
342.0,325722804513454720,
346.0,387810967320770624,
350.0,462761561588758592,
354.0,551575086549395264,
358.0,655082367193278208,
362.0,773904178073848064,
366.0,908414740716385792,
370.0,1058705672864627200,
374.0,1224552465712466176,
378.0,1405391807138632192,
382.0,1600322265319533056,
386.0,1808140965082699008,
390.0,2027424324276616960,
394.0,2256652668086891776,
398.0,2494368894599502848,
402.0,2739353168737889280,
406.0,2990791311770659328,
410.0,3248415318570556928,
414.0,3512599842251001856,
418.0,3784406741502250496,
422.0,4065578480967127040,
426.0,4358488157185485824,
430.0,4666057921271503872,
434.0,4991658375346562048,
438.0,5338999771020737536,
442.0,5712022595676441600,
446.0,6114791469474445312,
450.0,6551393008057817088,
454.0,7025835897037129728,
458.0,7541950026339036160,
462.0,8103281087516831744,
466.0,8712977388896744448,
470.0,9373666616798240768,
474.0,10087321718416955392,
478.0,10855116889235834880,
482.0,11677276723872940032,
486.0,12552923834737008640,
490.0,13479932526784358400,
494.0,14454798249937242112,
498.0,15472534284868392960,
502.0,16526608151620243456,
506.0,17608930248556292096,
510.0,18709905951305248768,
514.0,19818559651916918784,
518.0,20922734986971947008,
522.0,22009370001672916992,
526.0,23064839669138042880,
530.0,24075351686835171328,
534.0,25027375595892371456,
538.0,25908080821045198848,
542.0,26705756899896442880,
546.0,27410189398678978560,
550.0,28012967894565130240,
554.0,28507707663142748160,
558.0,28890173725880029184,
562.0,29158303834320580608,
566.0,29312134847808573440,
570.0,29353643916066267136,
574.0,29286521213557960704,
578.0,29115894276435468288,
582.0,28848025155676225536,
586.0,28490000795171524608,
590.0,28049434649341546496,
594.0,27534194074027331584,
598.0,26952163985455529984,
602.0,26311053168178302976,
606.0,25618245808637751296,
610.0,24880697599455490048,
614.0,24104873239714406400,
618.0,23296720382839361536,
622.0,22461674008719970304,
626.0,21604684722561642496,
630.0,20730264485873434624,
634.0,19842543638761263104,
638.0,18945333659593580544,
642.0,18042190832173217792,
646.0,17136476776647036928,
650.0,16231412596298840064,
654.0,15330124164684808192,
658.0,14435676808025595904,
662.0,13551098318663667712,
666.0,12679389865018277888,
670.0,11823524942471657472,
674.0,10986437039196133376,
678.0,10170997168369289216,
682.0,9379982839229366272,
686.0,8616040394487604224,
690.0,7881642919509895168,
694.0,7179046115863519232,
698.0,6510244615665192960,
702.0,5876931182830225408,
706.0,5280461097651494912,
710.0,4721823752969974784,
714.0,4201623112745423360,
718.0,3720068215157045248,
722.0,3276974368011921920,
726.0,2871775117065678336,
730.0,2503544504006118912,
734.0,2171028607881504256,
738.0,1872684916158957824,
742.0,1606727728084668160,
746.0,1371177573513617920,
750.0,1163912544199581440,
754.0,982719479878484992,
758.0,825343116049556864,
762.0,689531563033896704,
766.0,573076819359356224,
770.0,473849396444777984,
774.0,389826515504279232,
778.0,319113704042614144,
782.0,259959945675285056,
786.0,210766807094310880,
790.0,170092170482116640,
794.0,136649335840260048,
798.0,109302328548209264,
802.0,87058260414387184,
806.0,69057557852978656,
810.0,54562800385650456,
814.0,42946818329091992,
818.0,33680591299670236,
822.0,26321378462688404,
826.0,20501404710198004,
830.0,15917329515218518,
834.0,12320640446628928,
838.0,9509042879356026,
842.0,7318861557420246,
846.0,5618427594728150,
850.0,4302394789758305,
854.0,3286909966221753,
858.0,2505551480995050,
862.0,1905946155763367,
866.0,1446975947192276,
870.0,1096490162301972,
874.0,829445703596284,
878.0,626405706122493,
882.0,472335261647787,
886.0,355641179823440,
890.0,267410554018289,
894.0,200810061067429,
898.0,150614316078157,
902.0,112837189233003,
906.0,84444787754168,
910.0,63132863286501,
914.0,47154792738004,
918.0,35189077705663,
922.0,26237594079120,
926.0,19547675963554,
930.0,14552607178090,
934.0,10826282058654,
938.0,8048739736321,
942.0,5980019063993,
946.0,4440364042146,
950.0,3295264350057,
954.0,2444168954412,
958.0,1811984251548,
962.0,1342679088081,
966.0,994481081050,
970.0,736272839766,
974.0,544891570364,
978.0,403107848076,
982.0,298114312064,
986.0,220396737861,
990.0,162891512738,
994.0,120357396076,
998.0,88907443916,
1002.0,65660531911,
1006.0,48482105354,
1010.0,35791441546,
1014.0,26418452950,
1018.0,19497362420,
1022.0,14387802064,
1026.0,10616294751,
1030.0,7832875400,
1034.0,5778951028,
1038.0,4263498881,
1042.0,3145447307,
1046.0,2320638789,
1050.0,1712187268,
1054.0,1263348657,
1058.0,932251354,
1062.0,688002762,
1066.0,507813365,
1070.0,374873017,
1074.0,276783086,
1078.0,204399247,
1082.0,150977536,
1086.0,111544312,
1090.0,82431492,
1094.0,60933752,
1098.0,45055716,
1102.0,33325530,
1106.0,24657395,
1110.0,18250207,
1114.0,13512824,
1118.0,10008967,
1122.0,7416584,
1126.0,5497897,
1130.0,4077309,
1134.0,3025108,
1138.0,2245453,
1142.0,1667510,
1146.0,1238909,
1150.0,920919,
1154.0,684888,
1158.0,509609,
1162.0,379384,
1166.0,282585,
1170.0,210596,
1174.0,157031,
1178.0,117154,
1182.0,87452,
1186.0,65316,
1190.0,48811,
1194.0,36497,
1198.0,27306,
1202.0,20441,
1206.0,15310,
1210.0,11474,
1214.0,8604,
1218.0,6456,
1222.0,4847,
1226.0,3641,
1230.0,2737,
1234.0,2058,
1238.0,1549,
1242.0,1166,
1246.0,878,
1250.0,662,
1254.0,499,
1258.0,377,
1262.0,285,
1266.0,215,
1270.0,163,
1274.0,123,
1278.0,93,
1282.0,70,
1286.0,53,
1290.0,40,
1294.0,31,
1298.0,23,
1302.0,18,
1306.0,13,
1310.0,10,
1314.0,8,
1318.0,6,
1322.0,4,
1326.0,3,
1330.0,3,
1334.0,2,
1338.0,2,
1342.0,1,
1346.0,0,
1350.0,0,
1354.0,0,
1358.0,0,
1362.0,0,
1366.0,0,
1370.0,0,
1374.0,0,
1378.0,0,
1382.0,0,
1386.0,0,
1390.0,0,
1394.0,0,
1398.0,0,
1402.0,0,
1406.0,0,
1410.0,0,
1414.0,0,
1418.0,0,
1422.0,0,
1426.0,0,
1430.0,0,
1434.0,0,
1438.0,0,
1442.0,0,
1446.0,0,
1450.0,0,
1454.0,0,
1458.0,0,
1462.0,0,
1466.0,0,
1470.0,0,
1474.0,0,
1478.0,0,
1482.0,0,
1486.0,0,
1490.0,0,
1494.0,0,
1498.0,0,
1502.0,0,
1506.0,0,
1510.0,0,
1514.0,0,
1518.0,0,
1522.0,0,
1526.0,0,
1530.0,0,
1534.0,0,
1538.0,0,
1542.0,0,
1546.0,0,
1550.0,0,
1554.0,0,
1558.0,0,
1562.0,0,
1566.0,0,
1570.0,0,
1574.0,0,
1578.0,0,
1582.0,0,
1586.0,0,
1590.0,0,
1594.0,0,
1598.0,0,
1602.0,0,
1606.0,0,
1610.0,0,
1614.0,0,
1618.0,0,
1622.0,0,
1626.0,0,
1630.0,0,
1634.0,0,
1638.0,0,
1642.0,0,
1646.0,0,
1650.0,0,
1654.0,0,
1658.0,0,
1662.0,0,
1666.0,0,
1670.0,0,
1674.0,0,
1678.0,0,
1682.0,0,
1686.0,0,
1690.0,0,
1694.0,0,
1698.0,0,
1702.0,0,
1706.0,0,
1710.0,0,
1714.0,0,
1718.0,0,
1722.0,0,
1726.0,0,
1730.0,0,
1734.0,0,
1738.0,0,
1742.0,0,
1746.0,0,
1750.0,0,
1754.0,0,
1758.0,0,
1762.0,0,
1766.0,0,
1770.0,0,
1774.0,0,
1778.0,0,
1782.0,0,
1786.0,0,
1790.0,0,
1794.0,0,
1798.0,0,
1802.0,0,
1806.0,0,
1810.0,0,
1814.0,0,
1818.0,0,
1822.0,0,
1826.0,0,
1830.0,0,
1834.0,0,
1838.0,0,
1842.0,0,
1846.0,0,
1850.0,0,
1854.0,0,
1858.0,0,
1862.0,0,
1866.0,0,
1870.0,0,
1874.0,0,
1878.0,0,
1882.0,0,
1886.0,0,
1890.0,0,
1894.0,0,
1898.0,0,
1902.0,0,
1906.0,0,
1910.0,0,
1914.0,0,
1918.0,0,
1922.0,0,
1926.0,0,
1930.0,0,
1934.0,0,
1938.0,0,
1942.0,0,
1946.0,0,
1950.0,0,
1954.0,0,
1958.0,0,
1962.0,0,
1966.0,0,
1970.0,0,
1974.0,0,
1978.0,0,
1982.0,0,
1986.0,0,
1990.0,0,
1994.0,0,
1998.0,0,
2002.0,0,
2006.0,0,
2010.0,0,
2014.0,0,
2018.0,0,
2022.0,0,
2026.0,0,
2030.0,0,
2034.0,0,
2038.0,0,
2042.0,0,
2046.0,0,
2050.0,0,
2054.0,0,
2058.0,0,
2062.0,0,
2066.0,0,
2070.0,0,
2074.0,0,
2078.0,0,
2082.0,0,
2086.0,0,
2090.0,0,
2094.0,0,
2098.0,0,
2102.0,0,
2106.0,0,
2110.0,0,
2114.0,0,
2118.0,0,
2122.0,0,
2126.0,0,
2130.0,0,
2134.0,0,
2138.0,0,
2142.0,0,
2146.0,0,
2150.0,0,
2154.0,0,
2158.0,0,
2162.0,0,
2166.0,0,
2170.0,0,
2174.0,0,
2178.0,0,
2182.0,0,
2186.0,0,
2190.0,0,
2194.0,0,
2198.0,0,
2202.0,0,
2206.0,0,
2210.0,0,
2214.0,0,
2218.0,0,
2222.0,0,
2226.0,0,
2230.0,0,
2234.0,0,
2238.0,0,
2242.0,0,
2246.0,0,
2250.0,0,
2254.0,0,
2258.0,0,
2262.0,0,
2266.0,0,
2270.0,0,
2274.0,0,
2278.0,0,
2282.0,0,
2286.0,0,
2290.0,0,
2294.0,0,
2298.0,0,
2302.0,0,
2306.0,0,
2310.0,0,
2314.0,0,
2318.0,0,
2322.0,0,
2326.0,0,
2330.0,0,
2334.0,0,
2338.0,0,
2342.0,0,
2346.0,0,
2350.0,0,
2354.0,0,
2358.0,0,
2362.0,0,
2366.0,0,
2370.0,0,
2374.0,0,
2378.0,0,
2382.0,0,
2386.0,0,
2390.0,0,
2394.0,0,
2398.0,0,
2402.0,0,
2406.0,0,
2410.0,0,
2414.0,0,
2418.0,0,
2422.0,0,
2426.0,0,
2430.0,0,
2434.0,0,
2438.0,0,
2442.0,0,
2446.0,0,
2450.0,0,
2454.0,0,
2458.0,0,
2462.0,0,
2466.0,0,
2470.0,0,
2474.0,0,
2478.0,0,
2482.0,0,
2486.0,0,
2490.0,0,
2494.0,0,
2498.0,0,
2502.0,0,
2506.0,0,
2510.0,0,
2514.0,0,
2518.0,0,
2522.0,0,
2526.0,0,
2530.0,0,
2534.0,0,
2538.0,0,
2542.0,0,
2546.0,0,
2550.0,0,
2554.0,0,
2558.0,0,
2562.0,0,
2566.0,0,
2570.0,0,
2574.0,0,
2578.0,0,
2582.0,0,
2586.0,0,
2590.0,0,
2594.0,0,
2598.0,0,
2602.0,0,
2606.0,0,
2610.0,0,
2614.0,0,
2618.0,0,
2622.0,0,
2626.0,0,
2630.0,0,
2634.0,0,
2638.0,0,
2642.0,0,
2646.0,0,
2650.0,0,
2654.0,0,
2658.0,0,
2662.0,0,
2666.0,0,
2670.0,0,
2674.0,0,
2678.0,0,
2682.0,0,
2686.0,0,
2690.0,0,
2694.0,0,
2698.0,0,
2702.0,0,
2706.0,0,
2710.0,0,
2714.0,0,
2718.0,0,
2722.0,0,
2726.0,0,
2730.0,0,
2734.0,0,
2738.0,0,
2742.0,0,
2746.0,0,
2750.0,0,
2754.0,0,
2758.0,0,
2762.0,0,
2766.0,0,
2770.0,0,
2774.0,0,
2778.0,0,
2782.0,0,
2786.0,0,
2790.0,0,
2794.0,0,
2798.0,0,
2802.0,0,
2806.0,0,
2810.0,0,
2814.0,0,
2818.0,0,
2822.0,0,
2826.0,0,
2830.0,0,
2834.0,0,
2838.0,0,
2842.0,0,
2846.0,0,
2850.0,0,
2854.0,0,
2858.0,0,
2862.0,0,
2866.0,0,
2870.0,0,
2874.0,0,
2878.0,0,
2882.0,0,
2886.0,0,
2890.0,0,
2894.0,0,
2898.0,0,
2902.0,0,
2906.0,0,
2910.0,0,
2914.0,0,
2918.0,0,
2922.0,0,
2926.0,0,
2930.0,0,
2934.0,0,
2938.0,0,
2942.0,0,
2946.0,0,
2950.0,0,
2954.0,0,
2958.0,0,
2962.0,0,
2966.0,0,
2970.0,0,
2974.0,0,
2978.0,0,
2982.0,0,
2986.0,0,
2990.0,0,
2994.0,0,
2998.0,0,
3002.0,0,
3006.0,0,
3010.0,0,
3014.0,0,
3018.0,0,
3022.0,0,
3026.0,0,
3030.0,0,
3034.0,0,
3038.0,0,
3042.0,0,
3046.0,0,
3050.0,0,
3054.0,0,
3058.0,0,
3062.0,0,
3066.0,0,
3070.0,0,
3074.0,0,
3078.0,0,
3082.0,0,
3086.0,0,
3090.0,0,
3094.0,0,
3098.0,0,
3102.0,0,
3106.0,0,
3110.0,0,
3114.0,0,
3118.0,0,
3122.0,0,
3126.0,0,
3130.0,0,
3134.0,0,
3138.0,0,
3142.0,0,
3146.0,0,
3150.0,0,
3154.0,0,
3158.0,0,
3162.0,0,
3166.0,0,
3170.0,0,
3174.0,0,
3178.0,0,
3182.0,0,
3186.0,0,
3190.0,0,
3194.0,0,
3198.0,0,
3202.0,0,
3206.0,0,
3210.0,0,
3214.0,0,
3218.0,0,
3222.0,0,
3226.0,0,
3230.0,0,
3234.0,0,
3238.0,0,
3242.0,0,
3246.0,0,
3250.0,0,
3254.0,0,
3258.0,0,
3262.0,0,
3266.0,0,
3270.0,0,
3274.0,0,
3278.0,0,
3282.0,0,
3286.0,0,
3290.0,0,
3294.0,0,
3298.0,0,
3302.0,0,
3306.0,0,
3310.0,0,
3314.0,0,
3318.0,0,
3322.0,0,
3326.0,0,
3330.0,0,
3334.0,0,
3338.0,0,
3342.0,0,
3346.0,0,
3350.0,0,
3354.0,0,
3358.0,0,
3362.0,0,
3366.0,0,
3370.0,0,
3374.0,0,
3378.0,0,
3382.0,0,
3386.0,0,
3390.0,0,
3394.0,0,
3398.0,0,
3402.0,0,
3406.0,0,
3410.0,0,
3414.0,0,
3418.0,0,
3422.0,0,
3426.0,0,
3430.0,0,
3434.0,0,
3438.0,0,
3442.0,0,
3446.0,0,
3450.0,0,
3454.0,0,
3458.0,0,
3462.0,0,
3466.0,0,
3470.0,0,
3474.0,0,
3478.0,0,
3482.0,0,
3486.0,0,
3490.0,0,
3494.0,0,
3498.0,0,
3502.0,0,
3506.0,0,
3510.0,0,
3514.0,0,
3518.0,0,
3522.0,0,
3526.0,0,
3530.0,0,
3534.0,0,
3538.0,0,
3542.0,0,
3546.0,0,
3550.0,0,
3554.0,0,
3558.0,0,
3562.0,0,
3566.0,0,
3570.0,0,
3574.0,0,
3578.0,0,
3582.0,0,
3586.0,0,
3590.0,0,
3594.0,0,
3598.0,0,
3602.0,0,
3606.0,0,
3610.0,0,
3614.0,0,
3618.0,0,
3622.0,0,
3626.0,0,
3630.0,0,
3634.0,0,
3638.0,0,
3642.0,0,
3646.0,0,
3650.0,0,
3654.0,0,
3658.0,0,
3662.0,0,
3666.0,0,
3670.0,0,
3674.0,0,
3678.0,0,
3682.0,0,
3686.0,0,
3690.0,0,
3694.0,0,
3698.0,0,
3702.0,0,
3706.0,0,
3710.0,0,
3714.0,0,
3718.0,0,
3722.0,0,
3726.0,0,
3730.0,0,
3734.0,0,
3738.0,0,
3742.0,0,
3746.0,0,
3750.0,0,
3754.0,0,
3758.0,0,
3762.0,0,
3766.0,0,
3770.0,0,
3774.0,0,
3778.0,0,
3782.0,0,
3786.0,0,
3790.0,0,
3794.0,0,
3798.0,0,
3802.0,0,
3806.0,0,
3810.0,0,
3814.0,0,
3818.0,0,
3822.0,0,
3826.0,0,
3830.0,0,
3834.0,0,
3838.0,0,
3842.0,0,
3846.0,0,
3850.0,0,
3854.0,0,
3858.0,0,
3862.0,0,
3866.0,0,
3870.0,0,
3874.0,0,
3878.0,0,
3882.0,0,
3886.0,0,
3890.0,0,
3894.0,0,
3898.0,0,
3902.0,0,
3906.0,0,
3910.0,0,
3914.0,0,
3918.0,0,
3922.0,0,
3926.0,0,
3930.0,0,
3934.0,0,
3938.0,0,
3942.0,0,
3946.0,0,
3950.0,0,
3954.0,0,
3958.0,0,
3962.0,0,
3966.0,0,
3970.0,0,
3974.0,0,
3978.0,0,
3982.0,0,
3986.0,0,
3990.0,0,
3994.0,0,
3998.0,0,

Percentile,Diffusion Coefficient (E4 nm²/s),
0,112.0,
1,385.8,
2,407.4,
3,422.0,
4,433.5,
5,443.2,
6,451.5,
7,458.8,
8,465.2,
9,470.9,
10,476.2,
11,480.9,
12,485.3,
13,489.3,
14,493.1,
15,496.6,
16,500.0,
17,503.2,
18,506.2,
19,509.1,
20,511.8,
21,514.5,
22,517.0,
23,519.5,
24,521.9,
25,524.3,
26,526.5,
27,528.8,
28,530.9,
29,533.0,
30,535.1,
31,537.2,
32,539.2,
33,541.1,
34,543.1,
35,545.0,
36,546.9,
37,548.8,
38,550.7,
39,552.5,
40,554.3,
41,556.2,
42,558.0,
43,559.8,
44,561.5,
45,563.3,
46,565.1,
47,566.9,
48,568.7,
49,570.4,
50,572.2,
51,574.0,
52,575.8,
53,577.5,
54,579.3,
55,581.1,
56,582.9,
57,584.8,
58,586.6,
59,588.4,
60,590.3,
61,592.1,
62,594.0,
63,595.9,
64,597.8,
65,599.8,
66,601.7,
67,603.7,
68,605.7,
69,607.8,
70,609.9,
71,612.0,
72,614.1,
73,616.3,
74,618.5,
75,620.8,
76,623.1,
77,625.5,
78,627.9,
79,630.4,
80,632.9,
81,635.6,
82,638.3,
83,641.1,
84,644.0,
85,647.0,
86,650.2,
87,653.4,
88,656.9,
89,660.5,
90,664.4,
91,668.5,
92,673.0,
93,677.9,
94,683.3,
95,689.4,
96,696.4,
97,705.0,
98,716.1,
99,733.3,
100,1344.0,
,,
